api_file,connection_symbol,table
api/adl/AdlQueryHelper.php,,ADL_QUERY_SOURCE
api/adl/AdlQueryHelper.php,,Combined
api/adl/AdlQueryHelper.php,,TopCarriers
api/adl/AdlQueryHelper.php,,TopDPs
api/adl/AdlQueryHelper.php,,TopEquipment
api/adl/AdlQueryHelper.php,,TopFixes
api/adl/AdlQueryHelper.php,,TopSTARs
api/adl/AdlQueryHelper.php,,callsign
api/adl/AdlQueryHelper.php,,config
api/adl/AdlQueryHelper.php,,dbo.adl_flight_aircraft
api/adl/AdlQueryHelper.php,,dbo.adl_flight_core
api/adl/AdlQueryHelper.php,,dbo.adl_flight_plan
api/adl/AdlQueryHelper.php,,dbo.adl_flight_position
api/adl/AdlQueryHelper.php,,dbo.adl_flight_times
api/adl/AdlQueryHelper.php,,dbo.adl_flight_tmi
api/adl/AdlQueryHelper.php,,dbo.apts
api/adl/AdlQueryHelper.php,,dbo.ntml
api/adl/AdlQueryHelper.php,,dbo.vw_adl_flights
api/adl/AdlQueryHelper.php,,flight_classifications
api/adl/AdlQueryHelper.php,,not
api/adl/AdlQueryHelper.php,,of
api/adl/AdlQueryHelper.php,,origin
api/adl/AdlQueryHelper.php,,timestamp
api/adl/airway.php,get_conn_gis,airway_segments
api/adl/airway.php,get_conn_gis,dbo.airway_segments
api/adl/airway.php,get_conn_gis,dbo.airways
api/adl/airway.php,get_conn_gis,name
api/adl/airway.php,get_conn_gis,point
api/adl/airway.php,get_conn_ref,airway_segments
api/adl/airway.php,get_conn_ref,dbo.airway_segments
api/adl/airway.php,get_conn_ref,dbo.airways
api/adl/airway.php,get_conn_ref,name
api/adl/airway.php,get_conn_ref,point
api/adl/atis-debug.php,,dbo.vatsim_atis
api/adl/boundaries.php,,adl_boundary
api/adl/boundaries.php,,adl_flight_core
api/adl/boundaries.php,,adl_flight_position
api/adl/boundaries.php,,boundary_hierarchy
api/adl/boundaries.php,,hierarchy_cte
api/adl/cleanup-queue.php,,dbo.adl_flight_core
api/adl/cleanup-queue.php,,dbo.adl_parse_queue
api/adl/current.php,,SQL
api/adl/current.php,,the
api/adl/demand/airway.php,,dbo.fn_AirwaySegmentDemand
api/adl/demand/batch.php,,BucketCounts
api/adl/demand/batch.php,,FixSequences
api/adl/demand/batch.php,,FlightEntryTimes
api/adl/demand/batch.php,,FlightOnAirway
api/adl/demand/batch.php,,FlightWithBothFixes
api/adl/demand/batch.php,,FlightsWithBothFixes
api/adl/demand/batch.php,,MatchingFlights
api/adl/demand/batch.php,,TimeBounds
api/adl/demand/batch.php,,actual
api/adl/demand/batch.php,,airway_segments
api/adl/demand/batch.php,,dbo.adl_flight_core
api/adl/demand/batch.php,,dbo.adl_flight_plan
api/adl/demand/batch.php,,dbo.adl_flight_times
api/adl/demand/batch.php,,dbo.adl_flight_waypoints
api/adl/demand/batch.php,,dbo.airway_segments
api/adl/demand/batch.php,,dbo.fn_AirwayDemandBucketed
api/adl/demand/batch.php,,dbo.fn_AirwaySegmentDemandBucketed
api/adl/demand/batch.php,,dbo.fn_BatchDemandBucketed
api/adl/demand/batch.php,,dbo.fn_ViaDemandBucketed
api/adl/demand/batch.php,,dbo.nav_fixes
api/adl/demand/batch.php,,fix
api/adl/demand/batch.php,,nav_fixes
api/adl/demand/batch.php,,segments
api/adl/demand/batch.php,,those
api/adl/demand/batch.php,,time
api/adl/demand/debug.php,,dbo.adl_flight_core
api/adl/demand/debug.php,,dbo.adl_flight_plan
api/adl/demand/debug.php,,dbo.adl_flight_waypoints
api/adl/demand/details.php,,AirwayFlights
api/adl/demand/details.php,,FlightETAs
api/adl/demand/details.php,,FlightsWithBothFixes
api/adl/demand/details.php,,SQL
api/adl/demand/details.php,,dbo.adl_flight_core
api/adl/demand/details.php,,dbo.adl_flight_plan
api/adl/demand/details.php,,dbo.adl_flight_waypoints
api/adl/demand/details.php,,fix
api/adl/demand/details.php,,optional
api/adl/demand/fix.php,,dbo.fn_FixDemand
api/adl/demand/monitors.php,,dbo.demand_monitors
api/adl/demand/monitors.php,,definition
api/adl/demand/monitors.php,,type
api/adl/demand/segment.php,,dbo.fn_RouteSegmentDemand
api/adl/diagnose.php,,dbo.adl_flight_aircraft
api/adl/diagnose.php,,dbo.adl_flight_core
api/adl/diagnose.php,,dbo.adl_flight_plan
api/adl/diagnose.php,,dbo.adl_flight_position
api/adl/diagnose.php,,dbo.adl_flight_times
api/adl/diagnose.php,,dbo.adl_flight_waypoints
api/adl/diagnose.php,,dbo.vatsim_atis
api/adl/diagnose.php,,sys.objects
api/adl/diagnose.php,,sys.tables
api/adl/diagnose.php,,time
api/adl/diagnostic.php,,adl_run_log
api/adl/diagnostic.php,,dbo.adl_parse_queue
api/adl/diagnostic.php,,dbo.adl_run_log
api/adl/diagnostic.php,,dbo.vatsim_atis
api/adl/diagnostic.php,,dbo.vw_adl_flights
api/adl/diagnostic.php,,flights
api/adl/flight.php,,ADL
api/adl/import_boundaries.php,,a
api/adl/import_boundaries.php,,adl_boundary
api/adl/import_boundaries.php,,adl_boundary_import_log
api/adl/import_boundaries.php,,all
api/adl/import_boundaries.php,,boundary_hierarchy
api/adl/import_boundaries.php,,classification
api/adl/import_boundaries.php,,enriched
api/adl/import_boundaries.php,,sys.tables
api/adl/ingest.php,,VATSIM
api/adl/snapshot_history.php,,dbo.adl_flights_history
api/adl/snapshot_history.php,,dbo.vw_adl_flights
api/adl/snapshot_history.php,,sys.objects
api/adl/timing-analysis.php,,ArrivedFlights
api/adl/timing-analysis.php,,FREQUENCY
api/adl/timing-analysis.php,,dbo.adl_flight_core
api/adl/timing-analysis.php,,dbo.adl_flight_plan
api/adl/timing-analysis.php,,dbo.adl_flight_times
api/adl/timing-analysis.php,,flight
api/adl/timing-analysis.php,,frequency
api/adl/waypoints.php,,ADL
api/adl/waypoints.php,,dbo.adl_flight_core
api/adl/waypoints.php,,dbo.adl_flight_plan
api/adl/waypoints.php,,dbo.adl_flight_position
api/adl/waypoints.php,,dbo.adl_flight_waypoints
api/adl/waypoints.php,,dbo.apts
api/admin/check_dtu_usage.php,,dbo.swim_flights
api/admin/check_dtu_usage.php,,sys.dm_db_resource_stats
api/admin/check_dtu_usage.php,,sys.partitions
api/admin/check_dtu_usage.php,,sys.tables
api/admin/check_dtu_usage.php,,users
api/admin/cleanup_stale_flights.php,,TOP
api/admin/cleanup_stale_flights.php,,dbo.swim_flights
api/admin/cleanup_stale_flights.php,,in
api/admin/cleanup_stale_flights.php,,loop
api/admin/swim_diag.php,,INFORMATION_SCHEMA.COLUMNS
api/admin/swim_diag.php,,INFORMATION_SCHEMA.TABLES
api/analysis/escape_desert_archive.php,,dbo.adl_flight_archive
api/analysis/escape_desert_archive.php,,dbo.adl_flight_core
api/analysis/escape_desert_archive.php,,dbo.adl_flight_plan
api/analysis/escape_desert_archive.php,,dbo.adl_flight_position
api/analysis/escape_desert_archive.php,,dbo.adl_trajectory_compressed
api/analysis/escape_desert_archive.php,,dbo.nav_fixes
api/analysis/escape_desert_archive.php,,flight_core
api/analysis/escape_desert_archive.php,,flight_plan
api/analysis/escape_desert_archive.php,,live
api/analysis/escape_desert_archive.php,,route
api/analysis/escape_desert_archive.php,,to
api/analysis/get_plan_ids.php,,p_plans
api/analysis/perti_events.php,,p_configs
api/analysis/perti_events.php,,p_plans
api/analysis/tmi_compliance.php,,ADL
api/analysis/tmi_compliance.php,,PHP
api/analysis/tmi_compliance.php,,a
api/analysis/tmi_compliance.php,,adl_flight_core
api/analysis/tmi_compliance.php,,adl_flight_plan
api/analysis/tmi_compliance.php,,adl_flights
api/analysis/tmi_compliance.php,,all_pairs
api/analysis/tmi_compliance.php,,file
api/analysis/tmi_compliance.php,,fix_info
api/analysis/tmi_compliance.php,,old
api/analysis/tmi_compliance.php,,same
api/analysis/tmi_config.php,,DDHHMM
api/analysis/tmi_config.php,,NTML
api/analysis/tmi_config.php,,all
api/analysis/tmi_config.php,,formatRouteTable
api/analysis/tmi_config.php,,header
api/analysis/tmi_config.php,,line
api/analysis/tmi_config.php,,parsed
api/analysis/tmi_config.php,,section
api/analysis/tmi_config.php,,structured
api/analysis/tmi_config.php,,this
api/analysis/trajectory_gaps.php,,ActualData
api/analysis/trajectory_gaps.php,,DateRange
api/analysis/trajectory_gaps.php,,ExpectedSlots
api/analysis/trajectory_gaps.php,,Hours
api/analysis/trajectory_gaps.php,,adl_trajectory_archive
api/analysis/trajectory_gaps.php,,last
api/cron.php,,scheduler
api/cron.php,,scheduler_state
api/ctp/audit_log.php,get_conn_tmi,dbo.ctp_audit_log
api/ctp/boundaries.php,get_conn_adl,dbo.adl_boundary
api/ctp/changelog.php,get_conn_tmi,dbo.ctp_audit_log
api/ctp/common.php,get_conn_adl,JSON
api/ctp/common.php,get_conn_adl,a
api/ctp/common.php,get_conn_adl,array
api/ctp/common.php,get_conn_adl,ctp_sessions
api/ctp/common.php,get_conn_adl,dbo.ctp_audit_log
api/ctp/common.php,get_conn_adl,dbo.ctp_sessions
api/ctp/common.php,get_conn_adl,scripts
api/ctp/common.php,get_conn_adl,session
api/ctp/common.php,get_conn_gis,JSON
api/ctp/common.php,get_conn_gis,a
api/ctp/common.php,get_conn_gis,array
api/ctp/common.php,get_conn_gis,ctp_sessions
api/ctp/common.php,get_conn_gis,dbo.ctp_audit_log
api/ctp/common.php,get_conn_gis,dbo.ctp_sessions
api/ctp/common.php,get_conn_gis,scripts
api/ctp/common.php,get_conn_gis,session
api/ctp/common.php,get_conn_tmi,JSON
api/ctp/common.php,get_conn_tmi,a
api/ctp/common.php,get_conn_tmi,array
api/ctp/common.php,get_conn_tmi,ctp_sessions
api/ctp/common.php,get_conn_tmi,dbo.ctp_audit_log
api/ctp/common.php,get_conn_tmi,dbo.ctp_sessions
api/ctp/common.php,get_conn_tmi,scripts
api/ctp/common.php,get_conn_tmi,session
api/ctp/demand.php,get_conn_tmi,configurable
api/ctp/demand.php,get_conn_tmi,dbo.ctp_flight_control
api/ctp/flights/assign_edct.php,get_conn_tmi,ctp_flight_control
api/ctp/flights/assign_edct.php,get_conn_tmi,dbo.ctp_flight_control
api/ctp/flights/assign_edct.php,get_conn_tmi,dbo.tmi_flight_control
api/ctp/flights/assign_edct.php,get_conn_tmi,existing
api/ctp/flights/assign_edct.php,get_conn_tmi,tmi_flight_control
api/ctp/flights/assign_edct_batch.php,get_conn_tmi,dbo.ctp_flight_control
api/ctp/flights/assign_edct_batch.php,get_conn_tmi,failed
api/ctp/flights/compliance.php,get_conn_adl,ADL
api/ctp/flights/compliance.php,get_conn_adl,compliance
api/ctp/flights/compliance.php,get_conn_adl,dbo.adl_flight_core
api/ctp/flights/compliance.php,get_conn_adl,dbo.adl_flight_times
api/ctp/flights/compliance.php,get_conn_adl,dbo.ctp_flight_control
api/ctp/flights/compliance.php,get_conn_adl,if
api/ctp/flights/compliance.php,get_conn_tmi,ADL
api/ctp/flights/compliance.php,get_conn_tmi,compliance
api/ctp/flights/compliance.php,get_conn_tmi,dbo.adl_flight_core
api/ctp/flights/compliance.php,get_conn_tmi,dbo.adl_flight_times
api/ctp/flights/compliance.php,get_conn_tmi,dbo.ctp_flight_control
api/ctp/flights/compliance.php,get_conn_tmi,if
api/ctp/flights/detect.php,get_conn_adl,TMI
api/ctp/flights/detect.php,get_conn_adl,ctp_flight_control
api/ctp/flights/detect.php,get_conn_adl,dbo.adl_flight_core
api/ctp/flights/detect.php,get_conn_adl,dbo.adl_flight_plan
api/ctp/flights/detect.php,get_conn_adl,dbo.adl_flight_planned_crossings
api/ctp/flights/detect.php,get_conn_adl,dbo.adl_flight_times
api/ctp/flights/detect.php,get_conn_adl,dbo.ctp_flight_control
api/ctp/flights/detect.php,get_conn_adl,dbo.ctp_sessions
api/ctp/flights/detect.php,get_conn_adl,dbo.tmi_flow_event_participants
api/ctp/flights/detect.php,get_conn_adl,session
api/ctp/flights/detect.php,get_conn_tmi,TMI
api/ctp/flights/detect.php,get_conn_tmi,ctp_flight_control
api/ctp/flights/detect.php,get_conn_tmi,dbo.adl_flight_core
api/ctp/flights/detect.php,get_conn_tmi,dbo.adl_flight_plan
api/ctp/flights/detect.php,get_conn_tmi,dbo.adl_flight_planned_crossings
api/ctp/flights/detect.php,get_conn_tmi,dbo.adl_flight_times
api/ctp/flights/detect.php,get_conn_tmi,dbo.ctp_flight_control
api/ctp/flights/detect.php,get_conn_tmi,dbo.ctp_sessions
api/ctp/flights/detect.php,get_conn_tmi,dbo.tmi_flow_event_participants
api/ctp/flights/detect.php,get_conn_tmi,session
api/ctp/flights/exclude.php,get_conn_tmi,dbo.ctp_flight_control
api/ctp/flights/exclude.php,get_conn_tmi,exclusion
api/ctp/flights/get.php,get_conn_adl,ADL
api/ctp/flights/get.php,get_conn_adl,dbo.adl_flight_core
api/ctp/flights/get.php,get_conn_adl,dbo.adl_flight_position
api/ctp/flights/get.php,get_conn_adl,dbo.adl_flight_times
api/ctp/flights/get.php,get_conn_adl,dbo.ctp_audit_log
api/ctp/flights/get.php,get_conn_adl,dbo.ctp_flight_control
api/ctp/flights/get.php,get_conn_tmi,ADL
api/ctp/flights/get.php,get_conn_tmi,dbo.adl_flight_core
api/ctp/flights/get.php,get_conn_tmi,dbo.adl_flight_position
api/ctp/flights/get.php,get_conn_tmi,dbo.adl_flight_times
api/ctp/flights/get.php,get_conn_tmi,dbo.ctp_audit_log
api/ctp/flights/get.php,get_conn_tmi,dbo.ctp_flight_control
api/ctp/flights/list.php,get_conn_tmi,dbo.ctp_flight_control
api/ctp/flights/modify_route.php,get_conn_gis,dbo.ctp_flight_control
api/ctp/flights/modify_route.php,get_conn_gis,query
api/ctp/flights/modify_route.php,get_conn_gis,route
api/ctp/flights/modify_route.php,get_conn_gis,segments
api/ctp/flights/modify_route.php,get_conn_gis,the
api/ctp/flights/modify_route.php,get_conn_gis,validate_oceanic_route
api/ctp/flights/modify_route.php,get_conn_gis,validation
api/ctp/flights/modify_route.php,get_conn_tmi,dbo.ctp_flight_control
api/ctp/flights/modify_route.php,get_conn_tmi,query
api/ctp/flights/modify_route.php,get_conn_tmi,route
api/ctp/flights/modify_route.php,get_conn_tmi,segments
api/ctp/flights/modify_route.php,get_conn_tmi,the
api/ctp/flights/modify_route.php,get_conn_tmi,validate_oceanic_route
api/ctp/flights/modify_route.php,get_conn_tmi,validation
api/ctp/flights/remove_edct.php,get_conn_tmi,a
api/ctp/flights/remove_edct.php,get_conn_tmi,dbo.ctp_flight_control
api/ctp/flights/remove_edct.php,get_conn_tmi,dbo.tmi_flight_control
api/ctp/flights/routes_geojson.php,get_conn_adl,VATSIM_ADL
api/ctp/flights/routes_geojson.php,get_conn_adl,dbo.ctp_flight_control
api/ctp/flights/routes_geojson.php,get_conn_adl,dbo.nav_fixes
api/ctp/flights/routes_geojson.php,get_conn_tmi,VATSIM_ADL
api/ctp/flights/routes_geojson.php,get_conn_tmi,dbo.ctp_flight_control
api/ctp/flights/routes_geojson.php,get_conn_tmi,dbo.nav_fixes
api/ctp/flights/validate_route.php,get_conn_gis,session
api/ctp/flights/validate_route.php,get_conn_gis,validate_oceanic_route
api/ctp/flights/validate_route.php,get_conn_tmi,session
api/ctp/flights/validate_route.php,get_conn_tmi,validate_oceanic_route
api/ctp/routes/suggest.php,conn_pdo_mysql,dbo.coded_departure_routes
api/ctp/routes/suggest.php,conn_pdo_mysql,dbo.ctp_route_templates
api/ctp/routes/suggest.php,conn_pdo_mysql,dbo.tmi_public_routes
api/ctp/routes/suggest.php,conn_pdo_mysql,dbo.tmi_reroute_routes
api/ctp/routes/suggest.php,conn_pdo_mysql,dbo.tmi_reroutes
api/ctp/routes/suggest.php,conn_pdo_mysql,dep
api/ctp/routes/suggest.php,conn_pdo_mysql,multiple
api/ctp/routes/suggest.php,conn_pdo_mysql,playbook_plays
api/ctp/routes/suggest.php,conn_pdo_mysql,playbook_routes
api/ctp/routes/suggest.php,get_conn_adl,dbo.coded_departure_routes
api/ctp/routes/suggest.php,get_conn_adl,dbo.ctp_route_templates
api/ctp/routes/suggest.php,get_conn_adl,dbo.tmi_public_routes
api/ctp/routes/suggest.php,get_conn_adl,dbo.tmi_reroute_routes
api/ctp/routes/suggest.php,get_conn_adl,dbo.tmi_reroutes
api/ctp/routes/suggest.php,get_conn_adl,dep
api/ctp/routes/suggest.php,get_conn_adl,multiple
api/ctp/routes/suggest.php,get_conn_adl,playbook_plays
api/ctp/routes/suggest.php,get_conn_adl,playbook_routes
api/ctp/routes/suggest.php,get_conn_tmi,dbo.coded_departure_routes
api/ctp/routes/suggest.php,get_conn_tmi,dbo.ctp_route_templates
api/ctp/routes/suggest.php,get_conn_tmi,dbo.tmi_public_routes
api/ctp/routes/suggest.php,get_conn_tmi,dbo.tmi_reroute_routes
api/ctp/routes/suggest.php,get_conn_tmi,dbo.tmi_reroutes
api/ctp/routes/suggest.php,get_conn_tmi,dep
api/ctp/routes/suggest.php,get_conn_tmi,multiple
api/ctp/routes/suggest.php,get_conn_tmi,playbook_plays
api/ctp/routes/suggest.php,get_conn_tmi,playbook_routes
api/ctp/routes/templates.php,get_conn_tmi,dbo.ctp_route_templates
api/ctp/routes/templates.php,get_conn_tmi,template
api/ctp/sessions/activate.php,get_conn_tmi,dbo.ctp_sessions
api/ctp/sessions/complete.php,get_conn_tmi,dbo.ctp_flight_control
api/ctp/sessions/complete.php,get_conn_tmi,dbo.ctp_sessions
api/ctp/sessions/complete.php,get_conn_tmi,final
api/ctp/sessions/complete.php,get_conn_tmi,status
api/ctp/sessions/create.php,get_conn_tmi,dbo.ctp_sessions
api/ctp/sessions/create.php,get_conn_tmi,dbo.tmi_flow_events
api/ctp/sessions/get.php,get_conn_tmi,dbo.ctp_flight_control
api/ctp/sessions/get.php,get_conn_tmi,dbo.tmi_flow_events
api/ctp/sessions/list.php,get_conn_tmi,dbo.ctp_sessions
api/ctp/sessions/list.php,get_conn_tmi,dbo.tmi_flow_events
api/ctp/sessions/update.php,get_conn_tmi,API
api/ctp/sessions/update.php,get_conn_tmi,dbo.ctp_sessions
api/ctp/sessions/update.php,get_conn_tmi,session
api/ctp/stats.php,get_conn_tmi,dbo.ctp_flight_control
api/data/cdm/status.php,get_conn_adl,cdm_airport_status
api/data/cdm/status.php,get_conn_adl,cdm_compliance_live
api/data/cdm/status.php,get_conn_adl,cdm_messages
api/data/cdm/status.php,get_conn_adl,dbo.cdm_airport_status
api/data/cdm/status.php,get_conn_adl,dbo.cdm_compliance_live
api/data/cdm/status.php,get_conn_adl,dbo.cdm_messages
api/data/cdm/status.php,get_conn_adl,dbo.tmi_programs
api/data/cdm/status.php,get_conn_adl,dbo.vw_cdm_at_risk_flights
api/data/cdm/status.php,get_conn_adl,dbo.vw_cdm_current_readiness
api/data/cdm/status.php,get_conn_adl,to
api/data/cdm/status.php,get_conn_adl,vw_cdm_at_risk_flights
api/data/cdm/status.php,get_conn_adl,vw_cdm_current_readiness
api/data/cdm/status.php,get_conn_tmi,cdm_airport_status
api/data/cdm/status.php,get_conn_tmi,cdm_compliance_live
api/data/cdm/status.php,get_conn_tmi,cdm_messages
api/data/cdm/status.php,get_conn_tmi,dbo.cdm_airport_status
api/data/cdm/status.php,get_conn_tmi,dbo.cdm_compliance_live
api/data/cdm/status.php,get_conn_tmi,dbo.cdm_messages
api/data/cdm/status.php,get_conn_tmi,dbo.tmi_programs
api/data/cdm/status.php,get_conn_tmi,dbo.vw_cdm_at_risk_flights
api/data/cdm/status.php,get_conn_tmi,dbo.vw_cdm_current_readiness
api/data/cdm/status.php,get_conn_tmi,to
api/data/cdm/status.php,get_conn_tmi,vw_cdm_at_risk_flights
api/data/cdm/status.php,get_conn_tmi,vw_cdm_current_readiness
api/data/configs.php,,ADL
api/data/configs.php,,Field
api/data/configs.php,,config_data
api/data/configs.php,,dbo.airport_config_runway
api/data/configs.php,,dbo.airport_weather_impact
api/data/configs.php,,dbo.config_modifier
api/data/configs.php,,dbo.modifier_category
api/data/configs.php,,dbo.modifier_type
api/data/configs.php,,dbo.vw_airport_config_rates
api/data/configs.php,,dbo.vw_airport_config_summary
api/data/configs.php,,summary
api/data/configs.php,,the
api/data/configs.php,,users
api/data/create_history_table.php,,sys.tables
api/data/crossings/forecast.php,,vw_artcc_workload_summary
api/data/crossings/forecast.php,,vw_boundary_workload_forecast
api/data/crossings/forecast.php,,vw_crossing_statistics
api/data/crossings/forecast.php,,vw_flight_route_crossings
api/data/crossings/forecast.php,,vw_flights_crossing_boundary
api/data/crossings/forecast.php,,vw_hot_boundaries
api/data/crossings/forecast.php,,vw_sector_demand_forecast
api/data/fixes.php,,airports
api/data/fixes.php,,database
api/data/hibernation_stats.php,conn_pdo_mysql,hibernation_hits
api/data/parse_aixm_sua.php,,coordinates
api/data/parse_aixm_sua.php,,designator
api/data/parse_aixm_sua.php,,every
api/data/personnel.php,,config
api/data/personnel.php,,organizations
api/data/personnel.php,,user_orgs
api/data/personnel.php,,users
api/data/plans.l.php,,array
api/data/plans.l.php,,organizations
api/data/plans.l.php,,p_plans
api/data/plans.l.php,,users
api/data/plans/configs.php,get_conn_adl,dbo.vw_airport_config_rates
api/data/plans/configs.php,get_conn_adl,dbo.vw_airport_config_summary
api/data/plans/configs.php,get_conn_adl,p_configs
api/data/plans/configs.php,get_conn_adl,plan
api/data/plans/configs.php,get_conn_adl,users
api/data/plans/dcc_staffing.php,,p_dcc_staffing
api/data/plans/dcc_staffing.php,,users
api/data/plans/enroute_constraints.php,,p_enroute_constraints
api/data/plans/enroute_constraints.php,,users
api/data/plans/enroute_inits.php,,p_enroute_init
api/data/plans/enroute_inits.php,,p_enroute_init_times
api/data/plans/enroute_inits.php,,users
api/data/plans/enroute_inits_timeline.php,,all
api/data/plans/enroute_inits_timeline.php,,appearing
api/data/plans/enroute_inits_timeline.php,,failed
api/data/plans/enroute_inits_timeline.php,,p_enroute_init_timeline
api/data/plans/enroute_inits_timeline.php,,p_plans
api/data/plans/enroute_inits_timeline.php,,users
api/data/plans/enroute_planning.php,,p_enroute_planning
api/data/plans/enroute_planning.php,,users
api/data/plans/enroute_staffing.php,,p_enroute_staffing
api/data/plans/enroute_staffing.php,,users
api/data/plans/forecast.php,,p_forecast
api/data/plans/forecast.php,,users
api/data/plans/goals.php,,p_op_goals
api/data/plans/goals.php,,users
api/data/plans/group_flights.php,,p_group_flights
api/data/plans/group_flights.php,,users
api/data/plans/historical.php,,p_historical
api/data/plans/historical.php,,users
api/data/plans/outlook.php,,users
api/data/plans/term_constraints.php,,p_terminal_constraints
api/data/plans/term_constraints.php,,users
api/data/plans/term_inits.php,,p_terminal_init
api/data/plans/term_inits.php,,p_terminal_init_times
api/data/plans/term_inits.php,,users
api/data/plans/term_inits_bu.php,,p_terminal_init
api/data/plans/term_inits_bu.php,,p_terminal_init_times
api/data/plans/term_inits_bu.php,,users
api/data/plans/term_inits_timeline.php,,all
api/data/plans/term_inits_timeline.php,,appearing
api/data/plans/term_inits_timeline.php,,failed
api/data/plans/term_inits_timeline.php,,p_plans
api/data/plans/term_inits_timeline.php,,p_terminal_init_timeline
api/data/plans/term_inits_timeline.php,,users
api/data/plans/term_planning.php,,p_terminal_planning
api/data/plans/term_planning.php,,users
api/data/plans/term_staffing.php,,p_terminal_staffing
api/data/plans/term_staffing.php,,users
api/data/playbook/acl.php,,organizations
api/data/playbook/acl.php,,playbook_play_acl
api/data/playbook/acl.php,,playbook_plays
api/data/playbook/acl.php,,user_orgs
api/data/playbook/acl.php,,users
api/data/playbook/analysis.php,get_conn_gis,MySQL
api/data/playbook/analysis.php,get_conn_gis,analyze_route_traversal
api/data/playbook/analysis.php,get_conn_gis,fixes
api/data/playbook/analysis.php,get_conn_gis,located
api/data/playbook/analysis.php,get_conn_gis,nav_fixes
api/data/playbook/analysis.php,get_conn_gis,origin
api/data/playbook/analysis.php,get_conn_gis,playbook_plays
api/data/playbook/analysis.php,get_conn_gis,playbook_routes
api/data/playbook/analysis.php,get_conn_gis,route
api/data/playbook/categories.php,,playbook_plays
api/data/playbook/changelog.php,,playbook_changelog
api/data/playbook/changelog.php,,playbook_plays
api/data/playbook/changelog.php,,users
api/data/playbook/get.php,,playbook_plays
api/data/playbook/get.php,,playbook_routes
api/data/playbook/groups.php,,playbook_route_groups
api/data/playbook/list.php,,our
api/data/playbook/list.php,,playbook_plays
api/data/playbook/list.php,,playbook_routes
api/data/playbook/nat_tracks.php,get_conn_tmi,CTP
api/data/playbook/nat_tracks.php,get_conn_tmi,a
api/data/playbook/nat_tracks.php,get_conn_tmi,dbo.ctp_route_templates
api/data/playbook/org_members.php,,organizations
api/data/playbook/org_members.php,,user_orgs
api/data/playbook/org_members.php,,users
api/data/playbook/orgs.php,,organizations
api/data/playbook/user_search.php,,organizations
api/data/playbook/user_search.php,,user_orgs
api/data/playbook/user_search.php,,users
api/data/rate_history.php,,dbo.airport_config
api/data/rate_history.php,,dbo.airport_config_rate_history
api/data/reroutes.php,,Reroute
api/data/reroutes.php,,route_playbook
api/data/reroutes.php,,users
api/data/review/comments.php,,r_comments
api/data/review/comments.php,,users
api/data/review/data.php,,r_data
api/data/review/data.php,,users
api/data/review/scores.php,,r_scores
api/data/review/scores.php,,users
api/data/review/tmr_export.php,conn_pdo_mysql,p_plans
api/data/review/tmr_export.php,conn_pdo_mysql,r_tmr_reports
api/data/review/tmr_ops_plan.php,conn_pdo_mysql,p_enroute_init_timeline
api/data/review/tmr_ops_plan.php,conn_pdo_mysql,p_op_goals
api/data/review/tmr_ops_plan.php,conn_pdo_mysql,p_terminal_init_timeline
api/data/review/tmr_parse_ntml.php,,program_type
api/data/review/tmr_parse_ntml.php,,structured
api/data/review/tmr_parse_ntml.php,,tmi_config.php
api/data/review/tmr_report.php,conn_pdo_mysql,for
api/data/review/tmr_report.php,conn_pdo_mysql,host_artcc
api/data/review/tmr_report.php,conn_pdo_mysql,p_configs
api/data/review/tmr_report.php,conn_pdo_mysql,p_plans
api/data/review/tmr_report.php,conn_pdo_mysql,plan
api/data/review/tmr_report.php,conn_pdo_mysql,r_tmr_reports
api/data/review/tmr_report.php,conn_pdo_mysql,report
api/data/review/tmr_staffing.php,conn_pdo_mysql,PERTI
api/data/review/tmr_staffing.php,conn_pdo_mysql,p_dcc_staffing
api/data/review/tmr_staffing.php,conn_pdo_mysql,p_enroute_staffing
api/data/review/tmr_staffing.php,conn_pdo_mysql,p_terminal_staffing
api/data/review/tmr_tmis.php,conn_pdo_mysql,VATSIM_TMI
api/data/review/tmr_tmis.php,conn_pdo_mysql,dbo.tmi_advisories
api/data/review/tmr_tmis.php,conn_pdo_mysql,dbo.tmi_entries
api/data/review/tmr_tmis.php,conn_pdo_mysql,dbo.tmi_programs
api/data/review/tmr_tmis.php,conn_pdo_mysql,dbo.tmi_reroutes
api/data/review/tmr_tmis.php,conn_pdo_mysql,p_plans
api/data/review/tmr_tmis.php,conn_pdo_mysql,perti_site
api/data/review/tmr_tmis.php,conn_pdo_mysql,plan
api/data/review/tmr_tmis.php,get_conn_tmi,VATSIM_TMI
api/data/review/tmr_tmis.php,get_conn_tmi,dbo.tmi_advisories
api/data/review/tmr_tmis.php,get_conn_tmi,dbo.tmi_entries
api/data/review/tmr_tmis.php,get_conn_tmi,dbo.tmi_programs
api/data/review/tmr_tmis.php,get_conn_tmi,dbo.tmi_reroutes
api/data/review/tmr_tmis.php,get_conn_tmi,p_plans
api/data/review/tmr_tmis.php,get_conn_tmi,perti_site
api/data/review/tmr_tmis.php,get_conn_tmi,plan
api/data/review/tmr_weather.php,conn_pdo_mysql,Iowa
api/data/review/tmr_weather.php,conn_pdo_mysql,flight
api/data/review/tmr_weather.php,conn_pdo_mysql,p_configs
api/data/review/tmr_weather.php,conn_pdo_mysql,p_plans
api/data/route_share.php,,route_shares
api/data/routes.php,,Field
api/data/routes.php,,route_cdr
api/data/routes.php,,users
api/data/schedule.php,,Schedule
api/data/schedule.php,,assigned
api/data/schedule.php,,users
api/data/sheet/configs.php,get_conn_adl,dbo.vw_airport_config_rates
api/data/sheet/configs.php,get_conn_adl,dbo.vw_airport_config_summary
api/data/sheet/configs.php,get_conn_adl,p_configs
api/data/sheet/dcc_staffing.php,,p_dcc_staffing
api/data/sheet/enroute_staffing.php,,p_enroute_staffing
api/data/sheet/term_staffing.php,,p_terminal_staffing
api/data/sigmets.php,,AWC
api/data/sua.php,,AIXM
api/data/sua/activations.l.php,,sua_activations
api/data/sua/activations.php,,sua_activations
api/data/sua/activations.php,,the
api/data/sua/sua_list.php,,the
api/data/tfr.php,,FAA
api/data/tfr.php,,https
api/data/tmi/ground_stop.php,,tmi_ground_stops
api/data/tmi/ground_stops.php,,tmi_ground_stops
api/data/tmi/ground_stops.php,,users
api/data/tmi/reroute.php,,ADL
api/data/tmi/reroute.php,,dbo.tmi_reroute_flights
api/data/tmi/reroute.php,,dbo.tmi_reroutes
api/data/weather_impacts.php,,dbo.airport_weather_impact
api/demand/active_config.php,,NTML
api/demand/active_config.php,,dbo.tmi_entries
api/demand/active_config.php,,parsed_data
api/demand/airport.php,,time
api/demand/airports.php,,config
api/demand/airports.php,,database
api/demand/airports.php,,dbo.apts
api/demand/airports.php,,dbo.artcc_facilities
api/demand/airports.php,,dbo.artcc_tier_group_members
api/demand/airports.php,,dbo.facility_tier_config_members
api/demand/airports.php,,dbo.facility_tier_configs
api/demand/airports.php,,tier
api/demand/atis.php,,best
api/demand/atis.php,,dbo.vw_current_airport_config
api/demand/atis.php,,dbo.vw_current_runways_in_use
api/demand/atis.php,,dbo.vw_effective_atis
api/demand/atis.php,,the
api/demand/config_search.php,,ADL
api/demand/config_search.php,,dbo.vw_airport_config_rates
api/demand/config_search.php,,dbo.vw_airport_config_summary
api/demand/configs.php,,dbo.vatsim_atis
api/demand/configs.php,,dbo.vw_airport_config_rates
api/demand/configs.php,,dbo.vw_airport_config_summary
api/demand/override.php,,dbo.airport_config
api/demand/override.php,,dbo.manual_rate_override
api/demand/override.php,,procedure
api/demand/scheduled_configs.php,,dbo.tmi_entries
api/demand/scheduled_configs.php,,parsed_data
api/demand/summary.php,,Combined
api/demand/summary.php,,a
api/demand/summary.php,,dbo.vw_adl_flights
api/demand/summary.php,,procedure
api/demand/summary.php,,the
api/demand/tmi_programs.php,,dbo.tmi_programs
api/discord/announcements.php,,database
api/discord/announcements.php,,dbo.discord_sent_messages
api/discord/channels.php,,Discord
api/discord/channels.php,,channel
api/discord/channels.php,,config.php
api/discord/channels.php,,database
api/discord/channels.php,,dbo.discord_channels
api/discord/messages.php,,channel
api/discord/messages.php,,data
api/discord/messages.php,,database
api/discord/messages.php,,dbo.discord_sent_messages
api/discord/reactions.php,,message
api/discord/reactions.php,,simple
api/discord/webhook.php,,Discord
api/event-aar/list.php,,dbo.vatusa_event
api/event-aar/list.php,,dbo.vatusa_event_airport
api/event-aar/list.php,,dbo.vatusa_event_hourly
api/event-aar/update.php,,airport
api/event-aar/update.php,,dbo.vatusa_event_airport
api/event-aar/update.php,,dbo.vatusa_event_hourly
api/event-aar/update.php,,failed
api/event-aar/update.php,,form
api/event-aar/update.php,,hourly
api/events/list.php,,dbo.perti_events
api/events/sync.php,,dbo.perti_events
api/events/sync.php,,division
api/events/sync.php,,users
api/gdt/common.php,get_conn_adl,JSON
api/gdt/common.php,get_conn_adl,SQL
api/gdt/common.php,get_conn_adl,TMI
api/gdt/common.php,get_conn_adl,a
api/gdt/common.php,get_conn_adl,array
api/gdt/common.php,get_conn_adl,dbo.tmi_programs
api/gdt/common.php,get_conn_adl,original
api/gdt/common.php,get_conn_adl,succeeding
api/gdt/common.php,get_conn_tmi,JSON
api/gdt/common.php,get_conn_tmi,SQL
api/gdt/common.php,get_conn_tmi,TMI
api/gdt/common.php,get_conn_tmi,a
api/gdt/common.php,get_conn_tmi,array
api/gdt/common.php,get_conn_tmi,dbo.tmi_programs
api/gdt/common.php,get_conn_tmi,original
api/gdt/common.php,get_conn_tmi,succeeding
api/gdt/demand/hourly.php,get_conn_tmi,dbo.tmi_flight_control
api/gdt/demand/hourly.php,get_conn_tmi,dbo.tmi_slots
api/gdt/demand/hourly.php,get_conn_tmi,hourly
api/gdt/flights/list.php,get_conn_tmi,dbo.tmi_flight_control
api/gdt/programs/activate.php,get_conn_tmi,dbo.tmi_flight_control
api/gdt/programs/activate.php,get_conn_tmi,dbo.tmi_programs
api/gdt/programs/activate.php,get_conn_tmi,flight
api/gdt/programs/activate.php,get_conn_tmi,program
api/gdt/programs/activate.php,get_conn_tmi,the
api/gdt/programs/active.php,get_conn_tmi,dbo.tmi_events
api/gdt/programs/active.php,get_conn_tmi,dbo.tmi_programs
api/gdt/programs/cancel.php,get_conn_tmi,Program
api/gdt/programs/cancel.php,get_conn_tmi,dbo.tmi_flight_list
api/gdt/programs/cancel.php,get_conn_tmi,dbo.tmi_program_coordination_log
api/gdt/programs/cancel.php,get_conn_tmi,dbo.tmi_programs
api/gdt/programs/compress.php,get_conn_tmi,those
api/gdt/programs/create.php,get_conn_tmi,SCOPE_IDENTITY
api/gdt/programs/create.php,get_conn_tmi,VATSIM_TMI.dbo.tmi_programs
api/gdt/programs/create.php,get_conn_tmi,dbo.tmi_programs
api/gdt/programs/fairness.php,get_conn_adl,dbo.adl_flight_changelog
api/gdt/programs/fairness.php,get_conn_adl,dbo.adl_flight_core
api/gdt/programs/fairness.php,get_conn_adl,dbo.tmi_flight_control
api/gdt/programs/fairness.php,get_conn_adl,dbo.tmi_programs
api/gdt/programs/fairness.php,get_conn_adl,gaming_flags_count
api/gdt/programs/fairness.php,get_conn_adl,same
api/gdt/programs/fairness.php,get_conn_tmi,dbo.adl_flight_changelog
api/gdt/programs/fairness.php,get_conn_tmi,dbo.adl_flight_core
api/gdt/programs/fairness.php,get_conn_tmi,dbo.tmi_flight_control
api/gdt/programs/fairness.php,get_conn_tmi,dbo.tmi_programs
api/gdt/programs/fairness.php,get_conn_tmi,gaming_flags_count
api/gdt/programs/fairness.php,get_conn_tmi,same
api/gdt/programs/flight_list.php,get_conn_tmi,dbo.tmi_flight_list
api/gdt/programs/flight_list.php,get_conn_tmi,dbo.tmi_programs
api/gdt/programs/get.php,get_conn_tmi,dbo.tmi_flight_control
api/gdt/programs/get.php,get_conn_tmi,dbo.tmi_slots
api/gdt/programs/list.php,get_conn_tmi,dbo.tmi_programs
api/gdt/programs/model.php,get_conn_adl,ADL
api/gdt/programs/model.php,get_conn_adl,ARTCC
api/gdt/programs/model.php,get_conn_adl,TMI
api/gdt/programs/model.php,get_conn_adl,airports
api/gdt/programs/model.php,get_conn_adl,dbo.tmi_programs
api/gdt/programs/model.php,get_conn_adl,dbo.vw_adl_flights
api/gdt/programs/model.php,get_conn_adl,fir
api/gdt/programs/model.php,get_conn_adl,program
api/gdt/programs/model.php,get_conn_adl,tier
api/gdt/programs/model.php,get_conn_tmi,ADL
api/gdt/programs/model.php,get_conn_tmi,ARTCC
api/gdt/programs/model.php,get_conn_tmi,TMI
api/gdt/programs/model.php,get_conn_tmi,airports
api/gdt/programs/model.php,get_conn_tmi,dbo.tmi_programs
api/gdt/programs/model.php,get_conn_tmi,dbo.vw_adl_flights
api/gdt/programs/model.php,get_conn_tmi,fir
api/gdt/programs/model.php,get_conn_tmi,program
api/gdt/programs/model.php,get_conn_tmi,tier
api/gdt/programs/publish.php,get_conn_tmi,Program
api/gdt/programs/publish.php,get_conn_tmi,dbo.tmi_flight_control
api/gdt/programs/publish.php,get_conn_tmi,dbo.tmi_flight_list
api/gdt/programs/publish.php,get_conn_tmi,dbo.tmi_program_coordination_log
api/gdt/programs/publish.php,get_conn_tmi,dbo.tmi_programs
api/gdt/programs/publish.php,get_conn_tmi,dbo.tmi_proposals
api/gdt/programs/publish.php,get_conn_tmi,flight_list_generated_at
api/gdt/programs/publish.php,get_conn_tmi,program
api/gdt/programs/publish.php,get_conn_tmi,proposal
api/gdt/programs/publish.php,get_conn_tmi,tmi_flight_control
api/gdt/programs/purge.php,get_conn_tmi,dbo.tmi_events
api/gdt/programs/purge.php,get_conn_tmi,dbo.tmi_flight_control
api/gdt/programs/purge.php,get_conn_tmi,dbo.tmi_flight_list
api/gdt/programs/purge.php,get_conn_tmi,dbo.tmi_programs
api/gdt/programs/purge.php,get_conn_tmi,dbo.tmi_slots
api/gdt/programs/purge.php,get_conn_tmi,program
api/gdt/programs/reoptimize.php,get_conn_adl,ADL
api/gdt/programs/reoptimize.php,get_conn_adl,dbo.adl_flight_core
api/gdt/programs/reoptimize.php,get_conn_adl,dbo.tmi_flight_control
api/gdt/programs/reoptimize.php,get_conn_adl,dbo.vw_adl_flights
api/gdt/programs/reoptimize.php,get_conn_adl,program
api/gdt/programs/reoptimize.php,get_conn_tmi,ADL
api/gdt/programs/reoptimize.php,get_conn_tmi,dbo.adl_flight_core
api/gdt/programs/reoptimize.php,get_conn_tmi,dbo.tmi_flight_control
api/gdt/programs/reoptimize.php,get_conn_tmi,dbo.vw_adl_flights
api/gdt/programs/reoptimize.php,get_conn_tmi,program
api/gdt/programs/revise.php,get_conn_tmi,dbo.tmi_events
api/gdt/programs/revise.php,get_conn_tmi,dbo.tmi_programs
api/gdt/programs/revise.php,get_conn_tmi,program
api/gdt/programs/revise.php,get_conn_tmi,timestamp
api/gdt/programs/simulate.php,get_conn_adl,ADL
api/gdt/programs/simulate.php,get_conn_adl,dbo.adl_flight_core
api/gdt/programs/simulate.php,get_conn_adl,dbo.tmi_flight_control
api/gdt/programs/simulate.php,get_conn_adl,dbo.tmi_programs
api/gdt/programs/simulate.php,get_conn_adl,dbo.tmi_slots
api/gdt/programs/simulate.php,get_conn_adl,dbo.vw_adl_flights
api/gdt/programs/simulate.php,get_conn_adl,delay
api/gdt/programs/simulate.php,get_conn_adl,element
api/gdt/programs/simulate.php,get_conn_adl,fir
api/gdt/programs/simulate.php,get_conn_adl,inside
api/gdt/programs/simulate.php,get_conn_adl,origin
api/gdt/programs/simulate.php,get_conn_adl,program
api/gdt/programs/simulate.php,get_conn_adl,temp
api/gdt/programs/simulate.php,get_conn_tmi,ADL
api/gdt/programs/simulate.php,get_conn_tmi,dbo.adl_flight_core
api/gdt/programs/simulate.php,get_conn_tmi,dbo.tmi_flight_control
api/gdt/programs/simulate.php,get_conn_tmi,dbo.tmi_programs
api/gdt/programs/simulate.php,get_conn_tmi,dbo.tmi_slots
api/gdt/programs/simulate.php,get_conn_tmi,dbo.vw_adl_flights
api/gdt/programs/simulate.php,get_conn_tmi,delay
api/gdt/programs/simulate.php,get_conn_tmi,element
api/gdt/programs/simulate.php,get_conn_tmi,fir
api/gdt/programs/simulate.php,get_conn_tmi,inside
api/gdt/programs/simulate.php,get_conn_tmi,origin
api/gdt/programs/simulate.php,get_conn_tmi,program
api/gdt/programs/simulate.php,get_conn_tmi,temp
api/gdt/programs/submit_proposal.php,get_conn_tmi,dbo.tmi_program_coordination_log
api/gdt/programs/submit_proposal.php,get_conn_tmi,dbo.tmi_programs
api/gdt/programs/submit_proposal.php,get_conn_tmi,dbo.tmi_proposal_facilities
api/gdt/programs/submit_proposal.php,get_conn_tmi,dbo.tmi_proposals
api/gdt/programs/submit_proposal.php,get_conn_tmi,program
api/gdt/programs/transition.php,get_conn_tmi,GS
api/gdt/programs/transition.php,get_conn_tmi,dbo.tmi_events
api/gdt/programs/transition.php,get_conn_tmi,dbo.tmi_programs
api/gdt/programs/transition.php,get_conn_tmi,parent
api/gdt/slots/list.php,get_conn_tmi,dbo.tmi_slots
api/gis/boundaries.php,,query
api/gis/boundaries.php,,request
api/gis/boundaries.php,,waypoints
api/gis/track_density.php,get_conn_gis,a
api/gis/track_density.php,get_conn_gis,addresses
api/gis/track_density.php,get_conn_gis,cell_counts
api/gis/track_density.php,get_conn_gis,closest_points
api/gis/track_density.php,get_conn_gis,cluster_stats
api/gis/track_density.php,get_conn_gis,clustered
api/gis/track_density.php,get_conn_gis,corridor_stats
api/gis/track_density.php,get_conn_gis,distance
api/gis/track_density.php,get_conn_gis,distinct
api/gis/track_density.php,get_conn_gis,far_segments
api/gis/track_density.php,get_conn_gis,filtered_segments
api/gis/track_density.php,get_conn_gis,fix
api/gis/track_density.php,get_conn_gis,grid
api/gis/track_density.php,get_conn_gis,median
api/gis/track_density.php,get_conn_gis,merge
api/gis/track_density.php,get_conn_gis,parent
api/gis/track_density.php,get_conn_gis,position
api/gis/track_density.php,get_conn_gis,same
api/gis/track_density.php,get_conn_gis,segment_clusters
api/gis/track_density.php,get_conn_gis,stream
api/gis/track_density.php,get_conn_gis,sub_clustered
api/gis/track_density.php,get_conn_gis,sub_stats
api/gis/track_density.php,get_conn_gis,temp_branch_groups
api/gis/track_density.php,get_conn_gis,temp_corridor_cs
api/gis/track_density.php,get_conn_gis,temp_fix_ref
api/gis/track_density.php,get_conn_gis,temp_traj_points
api/gis/track_density.php,get_conn_gis,temp_traj_segments
api/gis/track_density.php,get_conn_gis,temp_valid_callsigns
api/gis/track_density.php,get_conn_gis,tmi_density_cache
api/jatoc/auth.php,,database
api/jatoc/auth.php,,dbo.jatoc_user_roles
api/jatoc/auth.php,,session
api/jatoc/config.php,,affected
api/jatoc/config.php,,types
api/jatoc/daily_ops.php,,jatoc_daily_ops
api/jatoc/datetime.php,,HTML
api/jatoc/faa_ops_plan.php,,the
api/jatoc/incident.php,,jatoc_incident_updates
api/jatoc/incident.php,,jatoc_incidents
api/jatoc/incident.php,,jatoc_reports
api/jatoc/incident.php,,permission
api/jatoc/incident.php,,report
api/jatoc/incident.php,,the
api/jatoc/incident.php,,timestamps
api/jatoc/incidents.php,,centralized
api/jatoc/incidents.php,,jatoc_incidents
api/jatoc/oplevel.php,,jatoc_incident_updates
api/jatoc/oplevel.php,,jatoc_incidents
api/jatoc/oplevel.php,,jatoc_ops_level
api/jatoc/personnel.php,,failed
api/jatoc/personnel.php,,jatoc_personnel
api/jatoc/report.php,,jatoc_incident_updates
api/jatoc/report.php,,jatoc_incidents
api/jatoc/report.php,,jatoc_reports
api/jatoc/report.php,,report
api/jatoc/space_ops.php,,en
api/jatoc/space_ops.php,,p_enroute_init_timeline
api/jatoc/space_ops.php,,today
api/jatoc/special_emphasis.php,,jatoc_special_emphasis
api/jatoc/updates.php,,jatoc_incident_updates
api/jatoc/updates.php,,jatoc_incidents
api/jatoc/updates.php,,jatoc_reports
api/jatoc/updates.php,,parent
api/jatoc/validators.php,,creation
api/jatoc/validators.php,,payload
api/jatoc/validators.php,,type
api/jatoc/vatusa_events.php,,VATUSA
api/mgt/comments/delete.php,,Database
api/mgt/comments/delete.php,,r_comments
api/mgt/comments/delete.php,,users
api/mgt/comments/post.php,conn_pdo_mysql,Database
api/mgt/comments/post.php,conn_pdo_mysql,r_comments
api/mgt/comments/post.php,conn_pdo_mysql,users
api/mgt/comments/update.php,,Data
api/mgt/comments/update.php,,r_comments
api/mgt/comments/update.php,,users
api/mgt/config_data/bulk.php,,dbo.airport_config
api/mgt/config_data/bulk.php,,users
api/mgt/config_data/delete.php,,ADL
api/mgt/config_data/delete.php,,config_data
api/mgt/config_data/delete.php,,dbo.airport_config
api/mgt/config_data/delete.php,,users
api/mgt/config_data/post.php,conn_pdo_mysql,airport_config
api/mgt/config_data/post.php,conn_pdo_mysql,apts
api/mgt/config_data/post.php,conn_pdo_mysql,config_data
api/mgt/config_data/post.php,conn_pdo_mysql,dbo.airport_config
api/mgt/config_data/post.php,conn_pdo_mysql,dbo.airport_config_rate
api/mgt/config_data/post.php,conn_pdo_mysql,dbo.airport_config_runway
api/mgt/config_data/post.php,conn_pdo_mysql,dbo.apts
api/mgt/config_data/post.php,conn_pdo_mysql,dbo.config_modifier
api/mgt/config_data/post.php,conn_pdo_mysql,users
api/mgt/config_data/update.php,,airport_config
api/mgt/config_data/update.php,,apts
api/mgt/config_data/update.php,,config
api/mgt/config_data/update.php,,config_data
api/mgt/config_data/update.php,,dbo.airport_config
api/mgt/config_data/update.php,,dbo.airport_config_rate
api/mgt/config_data/update.php,,dbo.airport_config_rate_history
api/mgt/config_data/update.php,,dbo.airport_config_runway
api/mgt/config_data/update.php,,dbo.apts
api/mgt/config_data/update.php,,dbo.config_modifier
api/mgt/config_data/update.php,,failed
api/mgt/config_data/update.php,,fallback
api/mgt/config_data/update.php,,if
api/mgt/config_data/update.php,,sys.tables
api/mgt/config_data/update.php,,users
api/mgt/configs/delete.php,,Database
api/mgt/configs/delete.php,,p_configs
api/mgt/configs/delete.php,,users
api/mgt/configs/fill.php,,Data
api/mgt/configs/fill.php,,p_configs
api/mgt/configs/fill.php,,users
api/mgt/configs/post.php,conn_pdo_mysql,Database
api/mgt/configs/post.php,conn_pdo_mysql,p_configs
api/mgt/configs/post.php,conn_pdo_mysql,users
api/mgt/configs/update.php,,Data
api/mgt/configs/update.php,,error
api/mgt/configs/update.php,,p_configs
api/mgt/configs/update.php,,users
api/mgt/dcc/delete.php,,Database
api/mgt/dcc/delete.php,,p_dcc_staffing
api/mgt/dcc/delete.php,,users
api/mgt/dcc/post.php,conn_pdo_mysql,Database
api/mgt/dcc/post.php,conn_pdo_mysql,p_dcc_staffing
api/mgt/dcc/post.php,conn_pdo_mysql,users
api/mgt/dcc/update.php,,Data
api/mgt/dcc/update.php,,error
api/mgt/dcc/update.php,,p_dcc_staffing
api/mgt/dcc/update.php,,users
api/mgt/enroute_constraints/delete.php,,Database
api/mgt/enroute_constraints/delete.php,,p_enroute_constraints
api/mgt/enroute_constraints/delete.php,,users
api/mgt/enroute_constraints/post.php,conn_pdo_mysql,Database
api/mgt/enroute_constraints/post.php,conn_pdo_mysql,p_enroute_constraints
api/mgt/enroute_constraints/post.php,conn_pdo_mysql,users
api/mgt/enroute_constraints/update.php,,Data
api/mgt/enroute_constraints/update.php,,error
api/mgt/enroute_constraints/update.php,,p_enroute_constraints
api/mgt/enroute_constraints/update.php,,users
api/mgt/enroute_initializations/delete.php,,Database
api/mgt/enroute_initializations/delete.php,,p_enroute_init
api/mgt/enroute_initializations/delete.php,,p_enroute_init_times
api/mgt/enroute_initializations/delete.php,,users
api/mgt/enroute_initializations/post.php,conn_pdo_mysql,Database
api/mgt/enroute_initializations/post.php,conn_pdo_mysql,p_enroute_init
api/mgt/enroute_initializations/post.php,conn_pdo_mysql,users
api/mgt/enroute_initializations/times/create.php,conn_pdo_mysql,p_enroute_init_times
api/mgt/enroute_initializations/times/create.php,conn_pdo_mysql,p_users
api/mgt/enroute_initializations/times/delete.php,,Database
api/mgt/enroute_initializations/times/delete.php,,p_enroute_init_times
api/mgt/enroute_initializations/times/delete.php,,users
api/mgt/enroute_initializations/times/post.php,conn_pdo_mysql,p_enroute_init_times
api/mgt/enroute_initializations/times/set.php,,Data
api/mgt/enroute_initializations/times/set.php,,p_enroute_init_times
api/mgt/enroute_initializations/times/set.php,,users
api/mgt/enroute_initializations/times/update.php,,error
api/mgt/enroute_initializations/times/update.php,,p_enroute_init_times
api/mgt/enroute_initializations/update.php,,Data
api/mgt/enroute_initializations/update.php,,error
api/mgt/enroute_initializations/update.php,,p_enroute_init
api/mgt/enroute_initializations/update.php,,users
api/mgt/enroute_planning/delete.php,,Database
api/mgt/enroute_planning/delete.php,,p_enroute_planning
api/mgt/enroute_planning/delete.php,,users
api/mgt/enroute_planning/post.php,conn_pdo_mysql,Database
api/mgt/enroute_planning/post.php,conn_pdo_mysql,p_enroute_planning
api/mgt/enroute_planning/post.php,conn_pdo_mysql,users
api/mgt/enroute_planning/update.php,,Data
api/mgt/enroute_planning/update.php,,error
api/mgt/enroute_planning/update.php,,p_enroute_planning
api/mgt/enroute_planning/update.php,,users
api/mgt/enroute_staffing/delete.php,,Database
api/mgt/enroute_staffing/delete.php,,p_enroute_staffing
api/mgt/enroute_staffing/delete.php,,users
api/mgt/enroute_staffing/post.php,conn_pdo_mysql,Database
api/mgt/enroute_staffing/post.php,conn_pdo_mysql,p_enroute_staffing
api/mgt/enroute_staffing/post.php,conn_pdo_mysql,users
api/mgt/enroute_staffing/update.php,,Data
api/mgt/enroute_staffing/update.php,,error
api/mgt/enroute_staffing/update.php,,p_enroute_staffing
api/mgt/enroute_staffing/update.php,,users
api/mgt/event_data/delete.php,,Database
api/mgt/event_data/delete.php,,r_data
api/mgt/event_data/delete.php,,users
api/mgt/event_data/post.php,conn_pdo_mysql,Database
api/mgt/event_data/post.php,conn_pdo_mysql,r_data
api/mgt/event_data/post.php,conn_pdo_mysql,users
api/mgt/event_data/update.php,,Data
api/mgt/event_data/update.php,,error
api/mgt/event_data/update.php,,r_data
api/mgt/event_data/update.php,,users
api/mgt/forecast/delete.php,,Database
api/mgt/forecast/delete.php,,p_forecast
api/mgt/forecast/delete.php,,users
api/mgt/forecast/post.php,conn_pdo_mysql,Database
api/mgt/forecast/post.php,conn_pdo_mysql,p_forecast
api/mgt/forecast/post.php,conn_pdo_mysql,users
api/mgt/forecast/update.php,,Data
api/mgt/forecast/update.php,,error
api/mgt/forecast/update.php,,p_forecast
api/mgt/forecast/update.php,,users
api/mgt/goals/delete.php,,Database
api/mgt/goals/delete.php,,p_op_goals
api/mgt/goals/delete.php,,users
api/mgt/goals/post.php,conn_pdo_mysql,Database
api/mgt/goals/post.php,conn_pdo_mysql,p_op_goals
api/mgt/goals/post.php,conn_pdo_mysql,users
api/mgt/goals/update.php,,Data
api/mgt/goals/update.php,,error
api/mgt/goals/update.php,,p_op_goals
api/mgt/goals/update.php,,users
api/mgt/group_flights/delete.php,,Database
api/mgt/group_flights/delete.php,,p_group_flights
api/mgt/group_flights/delete.php,,users
api/mgt/group_flights/post.php,conn_pdo_mysql,Database
api/mgt/group_flights/post.php,conn_pdo_mysql,p_group_flights
api/mgt/group_flights/post.php,conn_pdo_mysql,users
api/mgt/group_flights/update.php,,Data
api/mgt/group_flights/update.php,,error
api/mgt/group_flights/update.php,,p_group_flights
api/mgt/group_flights/update.php,,users
api/mgt/historical/delete.php,,Database
api/mgt/historical/delete.php,,p_historical
api/mgt/historical/delete.php,,users
api/mgt/historical/post.php,conn_pdo_mysql,Database
api/mgt/historical/post.php,conn_pdo_mysql,p_historical
api/mgt/historical/post.php,conn_pdo_mysql,users
api/mgt/historical/update.php,,Data
api/mgt/historical/update.php,,error
api/mgt/historical/update.php,,p_historical
api/mgt/historical/update.php,,users
api/mgt/personnel/delete.php,,Database
api/mgt/personnel/delete.php,,config
api/mgt/personnel/delete.php,,users
api/mgt/personnel/post.php,conn_pdo_mysql,Database
api/mgt/personnel/post.php,conn_pdo_mysql,form
api/mgt/personnel/post.php,conn_pdo_mysql,organizations
api/mgt/personnel/post.php,conn_pdo_mysql,user_orgs
api/mgt/personnel/post.php,conn_pdo_mysql,users
api/mgt/personnel/update_org.php,,organizations
api/mgt/personnel/update_org.php,,user_orgs
api/mgt/personnel/update_org.php,,users
api/mgt/perti/delete.php,,get_org_code
api/mgt/perti/delete.php,,p_plans
api/mgt/perti/delete.php,,users
api/mgt/perti/post.php,conn_pdo_mysql,Database
api/mgt/perti/post.php,conn_pdo_mysql,p_plans
api/mgt/perti/post.php,conn_pdo_mysql,users
api/mgt/perti/update.php,,Data
api/mgt/perti/update.php,,error
api/mgt/perti/update.php,,p_plans
api/mgt/perti/update.php,,users
api/mgt/plan/get.php,,Ops
api/mgt/plan/get.php,,group
api/mgt/plan/get.php,,historical
api/mgt/plan/get.php,,legacy
api/mgt/plan/get.php,,p_dcc_staffing
api/mgt/plan/get.php,,p_enroute_constraints
api/mgt/plan/get.php,,p_enroute_init
api/mgt/plan/get.php,,p_enroute_init_timeline
api/mgt/plan/get.php,,p_group_flights
api/mgt/plan/get.php,,p_op_goals
api/mgt/plan/get.php,,p_plans
api/mgt/plan/get.php,,p_terminal_constraints
api/mgt/plan/get.php,,p_terminal_init
api/mgt/plan/get.php,,p_terminal_init_timeline
api/mgt/plan/get.php,,timeline
api/mgt/playbook/acl.php,,permissions
api/mgt/playbook/acl.php,,playbook_changelog
api/mgt/playbook/acl.php,,playbook_play_acl
api/mgt/playbook/acl.php,,playbook_plays
api/mgt/playbook/acl.php,,the
api/mgt/playbook/acl.php,,users
api/mgt/playbook/delete.php,,playbook_changelog
api/mgt/playbook/delete.php,,playbook_plays
api/mgt/playbook/delete.php,,users
api/mgt/playbook/groups.php,,playbook_plays
api/mgt/playbook/groups.php,,playbook_route_groups
api/mgt/playbook/groups.php,,users
api/mgt/playbook/route.php,,playbook_changelog
api/mgt/playbook/route.php,,playbook_plays
api/mgt/playbook/route.php,,playbook_routes
api/mgt/playbook/route.php,,route
api/mgt/playbook/route.php,,users
api/mgt/playbook/save.php,get_conn_gis,a
api/mgt/playbook/save.php,get_conn_gis,existing
api/mgt/playbook/save.php,get_conn_gis,expand_route_with_artccs
api/mgt/playbook/save.php,get_conn_gis,play
api/mgt/playbook/save.php,get_conn_gis,playbook_changelog
api/mgt/playbook/save.php,get_conn_gis,playbook_plays
api/mgt/playbook/save.php,get_conn_gis,playbook_routes
api/mgt/playbook/save.php,get_conn_gis,route
api/mgt/playbook/save.php,get_conn_gis,sector_boundaries
api/mgt/playbook/save.php,get_conn_gis,tracon_boundaries
api/mgt/playbook/save.php,get_conn_gis,users
api/mgt/schedule/delete.php,,Database
api/mgt/schedule/delete.php,,assigned
api/mgt/schedule/delete.php,,users
api/mgt/schedule/delete_bu.php,,Database
api/mgt/schedule/delete_bu.php,,assigned
api/mgt/schedule/delete_bu.php,,users
api/mgt/schedule/post.php,conn_pdo_mysql,Database
api/mgt/schedule/post.php,conn_pdo_mysql,assigned
api/mgt/schedule/post.php,conn_pdo_mysql,users
api/mgt/schedule/update.php,,Data
api/mgt/schedule/update.php,,assigned
api/mgt/schedule/update.php,,users
api/mgt/scores/delete.php,,Database
api/mgt/scores/delete.php,,r_scores
api/mgt/scores/delete.php,,users
api/mgt/scores/post.php,conn_pdo_mysql,Database
api/mgt/scores/post.php,conn_pdo_mysql,r_scores
api/mgt/scores/post.php,conn_pdo_mysql,users
api/mgt/scores/update.php,,Data
api/mgt/scores/update.php,,error
api/mgt/scores/update.php,,r_scores
api/mgt/scores/update.php,,users
api/mgt/sua/activate.php,,sua_activations
api/mgt/sua/activate.php,,users
api/mgt/sua/altrv_create.php,,sua_activations
api/mgt/sua/altrv_create.php,,users
api/mgt/sua/delete.php,,sua_activations
api/mgt/sua/delete.php,,users
api/mgt/sua/tfr_create.php,,sua_activations
api/mgt/sua/tfr_create.php,,users
api/mgt/sua/update.php,,SUA
api/mgt/sua/update.php,,activation
api/mgt/sua/update.php,,an
api/mgt/sua/update.php,,query
api/mgt/sua/update.php,,sua_activations
api/mgt/sua/update.php,,users
api/mgt/terminal_constraints/delete.php,,Database
api/mgt/terminal_constraints/delete.php,,p_terminal_constraints
api/mgt/terminal_constraints/delete.php,,users
api/mgt/terminal_constraints/post.php,conn_pdo_mysql,Database
api/mgt/terminal_constraints/post.php,conn_pdo_mysql,p_terminal_constraints
api/mgt/terminal_constraints/post.php,conn_pdo_mysql,users
api/mgt/terminal_constraints/update.php,,Data
api/mgt/terminal_constraints/update.php,,error
api/mgt/terminal_constraints/update.php,,p_terminal_constraints
api/mgt/terminal_constraints/update.php,,users
api/mgt/terminal_init_times/create.php,conn_pdo_mysql,p_terminal_init_times
api/mgt/terminal_init_times/create.php,conn_pdo_mysql,p_users
api/mgt/terminal_init_times/set.php,,p_enroute_init_times
api/mgt/terminal_inits/delete.php,,Database
api/mgt/terminal_inits/delete.php,,p_terminal_init
api/mgt/terminal_inits/delete.php,,p_terminal_init_times
api/mgt/terminal_inits/delete.php,,users
api/mgt/terminal_inits/post.php,conn_pdo_mysql,Database
api/mgt/terminal_inits/post.php,conn_pdo_mysql,p_terminal_init
api/mgt/terminal_inits/post.php,conn_pdo_mysql,users
api/mgt/terminal_inits/times/create.php,conn_pdo_mysql,p_terminal_init_times
api/mgt/terminal_inits/times/create.php,conn_pdo_mysql,p_users
api/mgt/terminal_inits/times/delete.php,,Database
api/mgt/terminal_inits/times/delete.php,,p_terminal_init_times
api/mgt/terminal_inits/times/delete.php,,users
api/mgt/terminal_inits/times/post.php,conn_pdo_mysql,p_terminal_init_times
api/mgt/terminal_inits/times/set.php,,Data
api/mgt/terminal_inits/times/set.php,,p_terminal_init_times
api/mgt/terminal_inits/times/set.php,,users
api/mgt/terminal_inits/times/update.php,,error
api/mgt/terminal_inits/times/update.php,,p_terminal_init_times
api/mgt/terminal_inits/update.php,,Data
api/mgt/terminal_inits/update.php,,error
api/mgt/terminal_inits/update.php,,p_terminal_init
api/mgt/terminal_inits/update.php,,users
api/mgt/terminal_planning/delete.php,,Database
api/mgt/terminal_planning/delete.php,,p_terminal_planning
api/mgt/terminal_planning/delete.php,,users
api/mgt/terminal_planning/post.php,conn_pdo_mysql,Database
api/mgt/terminal_planning/post.php,conn_pdo_mysql,p_terminal_planning
api/mgt/terminal_planning/post.php,conn_pdo_mysql,users
api/mgt/terminal_planning/update.php,,Data
api/mgt/terminal_planning/update.php,,error
api/mgt/terminal_planning/update.php,,p_terminal_planning
api/mgt/terminal_planning/update.php,,users
api/mgt/terminal_staffing/delete.php,,Database
api/mgt/terminal_staffing/delete.php,,p_terminal_staffing
api/mgt/terminal_staffing/delete.php,,users
api/mgt/terminal_staffing/post.php,conn_pdo_mysql,Database
api/mgt/terminal_staffing/post.php,conn_pdo_mysql,p_terminal_staffing
api/mgt/terminal_staffing/post.php,conn_pdo_mysql,users
api/mgt/terminal_staffing/update.php,,Data
api/mgt/terminal_staffing/update.php,,error
api/mgt/terminal_staffing/update.php,,p_terminal_staffing
api/mgt/terminal_staffing/update.php,,users
api/mgt/tmi/active.php,,INFORMATION_SCHEMA.TABLES
api/mgt/tmi/active.php,,dbo.tmi_advisories
api/mgt/tmi/active.php,,dbo.tmi_entries
api/mgt/tmi/active.php,,dbo.tmi_programs
api/mgt/tmi/active.php,,dbo.tmi_public_routes
api/mgt/tmi/active.php,,dbo.tmi_reroutes
api/mgt/tmi/active.php,,mixed
api/mgt/tmi/active.php,,session
api/mgt/tmi/active.php,,tmi_public_routes
api/mgt/tmi/airport_configs.php,,config_data
api/mgt/tmi/airport_configs.php,,dbo.vw_airport_config_rates
api/mgt/tmi/airport_configs.php,,dbo.vw_airport_config_summary
api/mgt/tmi/cancel.php,,INFORMATION_SCHEMA.TABLES
api/mgt/tmi/cancel.php,,database
api/mgt/tmi/cancel.php,,dbo.apts
api/mgt/tmi/cancel.php,,dbo.tmi_advisories
api/mgt/tmi/cancel.php,,dbo.tmi_entries
api/mgt/tmi/cancel.php,,dbo.tmi_events
api/mgt/tmi/cancel.php,,dbo.tmi_programs
api/mgt/tmi/cancel.php,,dbo.tmi_proposals
api/mgt/tmi/cancel.php,,dbo.tmi_public_routes
api/mgt/tmi/cancel.php,,dbo.tmi_reroutes
api/mgt/tmi/cancel.php,,session
api/mgt/tmi/cancel.php,,tmi_public_routes
api/mgt/tmi/cancel.php,,tmi_reroutes
api/mgt/tmi/configs.php,,p_configs
api/mgt/tmi/coordinate.php,,Discord
api/mgt/tmi/coordinate.php,,TMI
api/mgt/tmi/coordinate.php,,approved
api/mgt/tmi/coordinate.php,,bot
api/mgt/tmi/coordinate.php,,chunks
api/mgt/tmi/coordinate.php,,coordination
api/mgt/tmi/coordinate.php,,current
api/mgt/tmi/coordinate.php,,dbo.tmi_coordination_log
api/mgt/tmi/coordinate.php,,dbo.tmi_entries
api/mgt/tmi/coordinate.php,,dbo.tmi_program_coordination_log
api/mgt/tmi/coordinate.php,,dbo.tmi_programs
api/mgt/tmi/coordinate.php,,dbo.tmi_proposal_facilities
api/mgt/tmi/coordinate.php,,dbo.tmi_proposal_reactions
api/mgt/tmi/coordinate.php,,dbo.tmi_proposals
api/mgt/tmi/coordinate.php,,dbo.tmi_public_routes
api/mgt/tmi/coordinate.php,,dbo.tmi_reroute_routes
api/mgt/tmi/coordinate.php,,dbo.tmi_reroutes
api/mgt/tmi/coordinate.php,,deadline
api/mgt/tmi/coordinate.php,,entry
api/mgt/tmi/coordinate.php,,entry_data_json
api/mgt/tmi/coordinate.php,,facilities
api/mgt/tmi/coordinate.php,,facility
api/mgt/tmi/coordinate.php,,failed
api/mgt/tmi/coordinate.php,,known
api/mgt/tmi/coordinate.php,,linked
api/mgt/tmi/coordinate.php,,load
api/mgt/tmi/coordinate.php,,name
api/mgt/tmi/coordinate.php,,pre
api/mgt/tmi/coordinate.php,,program
api/mgt/tmi/coordinate.php,,proposal
api/mgt/tmi/coordinate.php,,query
api/mgt/tmi/coordinate.php,,queue
api/mgt/tmi/coordinate.php,,raw_text
api/mgt/tmi/coordinate.php,,reroute
api/mgt/tmi/coordinate.php,,route
api/mgt/tmi/coordinate.php,,routes
api/mgt/tmi/coordinate.php,,starter
api/mgt/tmi/coordinate.php,,status
api/mgt/tmi/coordinate.php,,that
api/mgt/tmi/coordinate.php,,the
api/mgt/tmi/coordinate.php,,this
api/mgt/tmi/coordinate.php,,timestamp
api/mgt/tmi/coordinate.php,,tmi_public_routes
api/mgt/tmi/coordinate.php,,to
api/mgt/tmi/coordinate.php,,unique
api/mgt/tmi/coordinate.php,,user
api/mgt/tmi/coordinate.php,,web
api/mgt/tmi/coordinate.php,,without
api/mgt/tmi/edit.php,,GDT
api/mgt/tmi/edit.php,,NTML
api/mgt/tmi/edit.php,,advisory
api/mgt/tmi/edit.php,,dbo.tmi_advisories
api/mgt/tmi/edit.php,,dbo.tmi_entries
api/mgt/tmi/edit.php,,dbo.tmi_events
api/mgt/tmi/edit.php,,dbo.tmi_programs
api/mgt/tmi/edit.php,,dbo.tmi_reroutes
api/mgt/tmi/edit.php,,failed
api/mgt/tmi/edit.php,,reroute
api/mgt/tmi/edit.php,,session
api/mgt/tmi/ground_stops/post.php,conn_pdo_mysql,tmi_ground_stops
api/mgt/tmi/ground_stops/post.php,conn_pdo_mysql,try
api/mgt/tmi/ground_stops/post.php,conn_pdo_mysql,users
api/mgt/tmi/promote.php,,Discord
api/mgt/tmi/promote.php,,UI
api/mgt/tmi/promote.php,,database
api/mgt/tmi/promote.php,,dbo.tmi_advisories
api/mgt/tmi/promote.php,,dbo.tmi_discord_posts
api/mgt/tmi/promote.php,,dbo.tmi_entries
api/mgt/tmi/promote.php,,entity
api/mgt/tmi/promote.php,,staging
api/mgt/tmi/publish.php,,DB
api/mgt/tmi/publish.php,,Discord
api/mgt/tmi/publish.php,,NTML
api/mgt/tmi/publish.php,,advisory
api/mgt/tmi/publish.php,,chunks
api/mgt/tmi/publish.php,,database
api/mgt/tmi/publish.php,,datetime
api/mgt/tmi/publish.php,,dbo.tmi_advisories
api/mgt/tmi/publish.php,,dbo.tmi_discord_posts
api/mgt/tmi/publish.php,,dbo.tmi_entries
api/mgt/tmi/publish.php,,existing
api/mgt/tmi/publish.php,,global
api/mgt/tmi/publish.php,,it
api/mgt/tmi/publish.php,,load
api/mgt/tmi/publish.php,,session
api/mgt/tmi/publish.php,,the
api/mgt/tmi/publish.php,,various
api/mgt/tmi/queue.php,,dbo.tmi_advisories
api/mgt/tmi/queue.php,,dbo.tmi_discord_posts
api/mgt/tmi/queue.php,,dbo.tmi_entries
api/mgt/tmi/queue.php,,parent
api/mgt/tmi/queue.php,,queue
api/mgt/tmi/queue.php,,retry
api/mgt/tmi/queue.php,,tmi_entries
api/mgt/tmi/reroute-drafts.php,,Route
api/mgt/tmi/reroute-drafts.php,,dbo.tmi_reroute_drafts
api/mgt/tmi/reroute-drafts.php,,dbo.vw_reroute_drafts_active
api/mgt/tmi/reroute-drafts.php,,draft
api/mgt/tmi/reroute-drafts.php,,existing
api/mgt/tmi/reroute-drafts.php,,fields
api/mgt/tmi/reroute-drafts.php,,now
api/mgt/tmi/reroute-drafts.php,,the
api/mgt/tmi/reroute-drafts.php,,updated_at
api/mgt/tmi/reroutes/bulk.php,,dbo.tmi_reroute_compliance_log
api/mgt/tmi/reroutes/bulk.php,,dbo.tmi_reroute_flights
api/mgt/tmi/reroutes/bulk.php,,dbo.tmi_reroutes
api/mgt/tmi/reroutes/delete.php,,dbo.tmi_reroute_flights
api/mgt/tmi/reroutes/delete.php,,dbo.tmi_reroutes
api/mgt/tmi/reroutes/post.php,,a
api/mgt/tmi/reroutes/post.php,,dbo.tmi_reroute_routes
api/mgt/tmi/reroutes/post.php,,dbo.tmi_reroutes
api/mgt/tmi/reroutes/post.php,,existing
api/mgt/tmi/reroutes/post.php,,failed
api/mgt/tmi/reroutes/post.php,,query
api/mgt/tmi/reroutes/post.php,,updated_utc
api/mgt/tmi/reroutes/update_geojson.php,,dbo.public_routes
api/mgt/tmi/reroutes/update_geojson.php,,elseif
api/mgt/tmi/reroutes/update_geojson.php,,if
api/mgt/tmi/reroutes/update_geojson.php,,route_geojson
api/mgt/tmi/reroutes/update_geojson.php,,the
api/mgt/tmi/staged.php,,INFORMATION_SCHEMA.TABLES
api/mgt/tmi/staged.php,,dbo.tmi_advisories
api/mgt/tmi/staged.php,,dbo.tmi_discord_posts
api/mgt/tmi/staged.php,,dbo.tmi_entries
api/nod/advisories.php,,advisory
api/nod/advisories.php,,dbo.dcc_advisories
api/nod/advisories.php,,statement
api/nod/advisory_import.php,,CSV
api/nod/advisory_import.php,,body
api/nod/advisory_import.php,,content
api/nod/advisory_import.php,,dbo.dcc_advisories
api/nod/advisory_import.php,,first
api/nod/discord-post.php,,Discord
api/nod/discord-post.php,,dbo.dcc_advisories
api/nod/discord.php,,Discord
api/nod/discord.php,,database
api/nod/discord.php,,dbo.dcc_discord_tmi
api/nod/discord.php,,instead
api/nod/discord.php,,message
api/nod/discord.php,,the
api/nod/fea.php,get_conn_adl,VATSIM_TMI
api/nod/fea.php,get_conn_adl,a
api/nod/fea.php,get_conn_adl,dbo.demand_monitors
api/nod/fea.php,get_conn_adl,dbo.facility_flow_configs
api/nod/fea.php,get_conn_adl,dbo.facility_flow_elements
api/nod/fea.php,get_conn_adl,dbo.tmi_entries
api/nod/fea.php,get_conn_adl,demand_monitors
api/nod/fea.php,get_conn_adl,element
api/nod/fea.php,get_conn_adl,flow
api/nod/fea.php,get_conn_tmi,VATSIM_TMI
api/nod/fea.php,get_conn_tmi,a
api/nod/fea.php,get_conn_tmi,dbo.demand_monitors
api/nod/fea.php,get_conn_tmi,dbo.facility_flow_configs
api/nod/fea.php,get_conn_tmi,dbo.facility_flow_elements
api/nod/fea.php,get_conn_tmi,dbo.tmi_entries
api/nod/fea.php,get_conn_tmi,demand_monitors
api/nod/fea.php,get_conn_tmi,element
api/nod/fea.php,get_conn_tmi,flow
api/nod/flows/configs.php,get_conn_adl,config
api/nod/flows/configs.php,get_conn_adl,dbo.facility_flow_configs
api/nod/flows/configs.php,get_conn_adl,dbo.facility_flow_elements
api/nod/flows/configs.php,get_conn_adl,dbo.facility_flow_gates
api/nod/flows/configs.php,get_conn_adl,dbo.nav_fixes
api/nod/flows/configs.php,get_conn_adl,sqlsrv
api/nod/flows/elements.php,get_conn_adl,a
api/nod/flows/elements.php,get_conn_adl,dbo.airways
api/nod/flows/elements.php,get_conn_adl,dbo.coded_departure_routes
api/nod/flows/elements.php,get_conn_adl,dbo.facility_flow_elements
api/nod/flows/elements.php,get_conn_adl,dbo.nav_fixes
api/nod/flows/elements.php,get_conn_adl,dbo.nav_procedure_legs
api/nod/flows/elements.php,get_conn_adl,dbo.nav_procedures
api/nod/flows/elements.php,get_conn_adl,dbo.playbook_routes
api/nod/flows/elements.php,get_conn_adl,element
api/nod/flows/elements.php,get_conn_adl,intermediate
api/nod/flows/elements.php,get_conn_adl,nav_fixes
api/nod/flows/elements.php,get_conn_adl,procedure
api/nod/flows/elements.php,get_conn_adl,ranked
api/nod/flows/elements.php,get_conn_adl,route
api/nod/flows/elements.php,get_conn_adl,sqlsrv
api/nod/flows/elements.php,get_conn_adl,standalone
api/nod/flows/elements.php,get_conn_adl,the
api/nod/flows/elements.php,get_conn_adl,their
api/nod/flows/elements.php,get_conn_adl,to
api/nod/flows/gates.php,get_conn_adl,dbo.facility_flow_elements
api/nod/flows/gates.php,get_conn_adl,dbo.facility_flow_gates
api/nod/flows/gates.php,get_conn_adl,dbo.nav_fixes
api/nod/flows/gates.php,get_conn_adl,gate
api/nod/flows/gates.php,get_conn_adl,sqlsrv
api/nod/flows/suggestions.php,get_conn_adl,dbo.nav_fixes
api/nod/flows/suggestions.php,get_conn_adl,dbo.nav_procedures
api/nod/flows/suggestions.php,get_conn_adl,ranked
api/nod/flows/suggestions.php,get_conn_ref,dbo.nav_fixes
api/nod/flows/suggestions.php,get_conn_ref,dbo.nav_procedures
api/nod/flows/suggestions.php,get_conn_ref,ranked
api/nod/jatoc.php,,dbo.jatoc_incident_updates
api/nod/jatoc.php,,dbo.jatoc_incidents
api/nod/jatoc.php,,dbo.jatoc_ops_level
api/nod/tmi_active.php,get_conn_adl,GDP
api/nod/tmi_active.php,get_conn_adl,dbo.adl_flight_tmi
api/nod/tmi_active.php,get_conn_adl,dbo.apts
api/nod/tmi_active.php,get_conn_adl,dbo.gdp_log
api/nod/tmi_active.php,get_conn_adl,dbo.nav_fixes
api/nod/tmi_active.php,get_conn_adl,dbo.tmi_entries
api/nod/tmi_active.php,get_conn_adl,dbo.tmi_programs
api/nod/tmi_active.php,get_conn_adl,dbo.tmi_reroute_routes
api/nod/tmi_active.php,get_conn_adl,dbo.tmi_reroutes
api/nod/tmi_active.php,get_conn_adl,dbo.vw_tmi_current_delays
api/nod/tmi_active.php,get_conn_adl,ground
api/nod/tmi_active.php,get_conn_adl,nav_fixes
api/nod/tmi_active.php,get_conn_adl,public_routes
api/nod/tmi_active.php,get_conn_adl,tmi_ground_stops
api/nod/tmi_active.php,get_conn_adl,tmi_programs
api/nod/tmi_active.php,get_conn_adl,tmi_reroute_routes
api/nod/tmi_active.php,get_conn_tmi,GDP
api/nod/tmi_active.php,get_conn_tmi,dbo.adl_flight_tmi
api/nod/tmi_active.php,get_conn_tmi,dbo.apts
api/nod/tmi_active.php,get_conn_tmi,dbo.gdp_log
api/nod/tmi_active.php,get_conn_tmi,dbo.nav_fixes
api/nod/tmi_active.php,get_conn_tmi,dbo.tmi_entries
api/nod/tmi_active.php,get_conn_tmi,dbo.tmi_programs
api/nod/tmi_active.php,get_conn_tmi,dbo.tmi_reroute_routes
api/nod/tmi_active.php,get_conn_tmi,dbo.tmi_reroutes
api/nod/tmi_active.php,get_conn_tmi,dbo.vw_tmi_current_delays
api/nod/tmi_active.php,get_conn_tmi,ground
api/nod/tmi_active.php,get_conn_tmi,nav_fixes
api/nod/tmi_active.php,get_conn_tmi,public_routes
api/nod/tmi_active.php,get_conn_tmi,tmi_ground_stops
api/nod/tmi_active.php,get_conn_tmi,tmi_programs
api/nod/tmi_active.php,get_conn_tmi,tmi_reroute_routes
api/nod/tmu_oplevel.php,,p_plans
api/nod/tmu_oplevel.php,,the
api/nod/tracks.php,,dbo.adl_flights_history
api/nod/tracks.php,,sys.objects
api/routes/public.php,,dbo.public_routes
api/routes/public_delete.php,,dbo.public_routes
api/routes/public_delete.php,,query
api/routes/public_post.php,,a
api/routes/public_update.php,,an
api/routes/public_update.php,,dbo.public_routes
api/routes/public_update.php,,failed
api/routes/public_update.php,,isset
api/routes/public_update.php,,support
api/scheduler.php,,cron
api/scheduler.php,,public_routes
api/scheduler.php,,scheduler
api/scheduler.php,,scheduler_state
api/scheduler.php,,splits_configs
api/session/switch_org.php,,organizations
api/session/switch_org.php,,user_orgs
api/simulator/navdata.php,,nav_fixes
api/simulator/routes.php,,Midwest
api/simulator/routes.php,,Southeast
api/simulator/routes.php,,West
api/simulator/routes.php,,dbo.coded_departure_routes
api/simulator/routes.php,,dbo.nav_playbook
api/simulator/routes.php,,dbo.public_routes
api/simulator/routes.php,,elements
api/simulator/routes.php,,nav_fixes
api/simulator/traffic.php,,Midwest
api/simulator/traffic.php,,Southeast
api/simulator/traffic.php,,West
api/simulator/traffic.php,,database
api/simulator/traffic.php,,dbo.adl_flight_core
api/simulator/traffic.php,,dbo.adl_flight_plan
api/simulator/traffic.php,,dbo.coded_departure_routes
api/simulator/traffic.php,,dbo.nav_playbook
api/simulator/traffic.php,,dbo.public_routes
api/simulator/traffic.php,,dbo.sim_ref_airport_demand
api/simulator/traffic.php,,dbo.sim_ref_carrier_lookup
api/simulator/traffic.php,,dbo.sim_ref_route_patterns
api/simulator/traffic.php,,nav_fixes
api/simulator/traffic.php,,previous
api/simulator/traffic.php,,west
api/splits/active.php,,splits_configs
api/splits/active.php,,splits_positions
api/splits/areas.php,,appearing
api/splits/areas.php,,existing
api/splits/areas.php,,failed
api/splits/areas.php,,query
api/splits/areas.php,,splits_areas
api/splits/configs.php,,config
api/splits/configs.php,,datetime
api/splits/configs.php,,failed
api/splits/configs.php,,query
api/splits/configs.php,,scheduler_state
api/splits/configs.php,,splits_configs
api/splits/configs.php,,splits_positions
api/splits/configs.php,,the
api/splits/configs.php,,updated_at
api/splits/debug.php,,splits_areas
api/splits/debug.php,,splits_configs
api/splits/debug.php,,splits_positions
api/splits/index.php,,ARTCC
api/splits/index.php,,SQLite
api/splits/index.php,,the
api/splits/index.php,,videomap
api/splits/presets.php,,an
api/splits/presets.php,,dbo.splits_preset_positions
api/splits/presets.php,,dbo.splits_presets
api/splits/presets.php,,failed
api/splits/presets.php,,for
api/splits/presets.php,,preset
api/splits/presets.php,,query
api/splits/presets_schema.sql,,dbo.splits_preset_positions
api/splits/presets_schema.sql,,dbo.splits_presets
api/splits/presets_schema.sql,,sys.tables
api/splits/scheduled.php,,a
api/splits/scheduled.php,,failed
api/splits/scheduled.php,,query
api/splits/scheduled.php,,splits_configs
api/splits/scheduled.php,,splits_positions
api/splits/scheduled.php,,updated_at
api/splits/schema.sql,,splits_areas
api/splits/schema.sql,,splits_configs
api/splits/schema.sql,,splits_positions
api/splits/sectors.php,,CRC
api/splits/sectors.php,,GeoJSON
api/splits/sectors.php,,fallback
api/splits/sectors.php,,name
api/splits/sectors.php,,the
api/splits/sectors.php,,them
api/splits/sectors.php,,various
api/splits/test.php,,INFORMATION_SCHEMA.COLUMNS
api/splits/test.php,,INFORMATION_SCHEMA.TABLES
api/splits/test.php,,splits_areas
api/splits/test.php,,splits_configs
api/splits/tracons.php,,INFORMATION_SCHEMA.COLUMNS
api/splits/tracons.php,,dbo.tracons
api/stats/StatsHelper.php,,dbo.adl_flight_core
api/stats/StatsHelper.php,,dbo.adl_flight_plan
api/stats/StatsHelper.php,,dbo.adl_flight_times
api/stats/StatsHelper.php,,dbo.adl_flight_tmi
api/stats/StatsHelper.php,,dbo.flight_stats_airport
api/stats/StatsHelper.php,,dbo.flight_stats_artcc
api/stats/StatsHelper.php,,dbo.flight_stats_citypair
api/stats/StatsHelper.php,,dbo.flight_stats_daily
api/stats/StatsHelper.php,,dbo.flight_stats_hourly
api/stats/StatsHelper.php,,dbo.flight_stats_tmi
api/stats/StatsHelper.php,,dbo.vw_flight_stats_job_status
api/stats/StatsHelper.php,,flight
api/stats/boundary_debug.php,,LatestByType
api/stats/boundary_debug.php,,RankedBoundaries
api/stats/boundary_debug.php,,dbo.adl_boundary
api/stats/boundary_debug.php,,dbo.adl_boundary_grid
api/stats/boundary_debug.php,,dbo.adl_flight_boundary_log
api/stats/boundary_debug.php,,dbo.adl_flight_core
api/stats/boundary_debug.php,,dbo.adl_flight_position
api/stats/boundary_debug.php,,sys.procedures
api/stats/config_stats.php,,multiple
api/stats/flight_phase_history.php,,aggregated
api/stats/flight_phase_history.php,,dbo.flight_phase_snapshot
api/stats/flight_phase_history.php,,intervals
api/stats/flight_phase_history.php,,string
api/stats/generate_cache.php,,current_avg
api/stats/generate_cache.php,,historical_network_stats
api/stats/generate_cache.php,,monthly_avg
api/stats/load_network_stats.php,,VATSIM
api/stats/load_network_stats.php,,fact_network_5min
api/stats/network_analysis.php,,a
api/stats/network_analysis.php,,cache
api/stats/network_analysis.php,,current_avg
api/stats/network_analysis.php,,daily_stats
api/stats/network_analysis.php,,database
api/stats/network_analysis.php,,historical_network_stats
api/stats/network_analysis.php,,mean
api/stats/network_analysis.php,,monthly_avg
api/stats/network_analysis.php,,stats
api/stats/realtime.php,,flight
api/stats/snapshot_debug.php,,dbo.adl_flight_core
api/stats/snapshot_debug.php,,dbo.flight_phase_snapshot
api/stats/snapshot_debug.php,,flight_core
api/stats/snapshot_debug.php,,sys.procedures
api/stats/snapshot_debug.php,,sys.tables
api/stats/status.php,,dbo.vw_flight_stats_recent_runs
api/stats/status.php,,dbo.vw_flight_stats_retention_active
api/statsim/fetch.php,,p_plans
api/statsim/fetch.php,,p_terminal_init
api/statsim/fetch.php,,statsim.net
api/statsim/fetch.php,,terminal
api/statsim/plan_info.php,,VATSIM_ADL.dbo.apts
api/statsim/plan_info.php,,dbo.apts
api/statsim/plan_info.php,,p_plans
api/statsim/plan_info.php,,p_terminal_init
api/statsim/plan_info.php,,terminal
api/statsim/save_rates.php,,dbo.r_airport_totals
api/statsim/save_rates.php,,dbo.r_hourly_rates
api/swim/v1/auth.php,,all
api/swim/v1/auth.php,,dbo.swim_api_keys
api/swim/v1/auth.php,,dbo.swim_audit_log
api/swim/v1/cdm/airport-status.php,get_conn_adl,dbo.cdm_airport_status
api/swim/v1/cdm/airport-status.php,get_conn_tmi,dbo.cdm_airport_status
api/swim/v1/cdm/compliance.php,get_conn_adl,dbo.cdm_compliance_live
api/swim/v1/cdm/compliance.php,get_conn_adl,dbo.tmi_flight_control
api/swim/v1/cdm/compliance.php,get_conn_adl,dbo.vw_cdm_at_risk_flights
api/swim/v1/cdm/compliance.php,get_conn_tmi,dbo.cdm_compliance_live
api/swim/v1/cdm/compliance.php,get_conn_tmi,dbo.tmi_flight_control
api/swim/v1/cdm/compliance.php,get_conn_tmi,dbo.vw_cdm_at_risk_flights
api/swim/v1/cdm/readiness.php,get_conn_adl,dbo.adl_flight_core
api/swim/v1/cdm/readiness.php,get_conn_adl,dbo.adl_flight_plan
api/swim/v1/cdm/readiness.php,get_conn_adl,dbo.adl_flight_times
api/swim/v1/cdm/readiness.php,get_conn_adl,readiness
api/swim/v1/cdm/readiness.php,get_conn_tmi,dbo.adl_flight_core
api/swim/v1/cdm/readiness.php,get_conn_tmi,dbo.adl_flight_plan
api/swim/v1/cdm/readiness.php,get_conn_tmi,dbo.adl_flight_times
api/swim/v1/cdm/readiness.php,get_conn_tmi,readiness
api/swim/v1/cdm/status.php,get_conn_adl,callsign
api/swim/v1/cdm/status.php,get_conn_adl,dbo.adl_flight_core
api/swim/v1/cdm/status.php,get_conn_tmi,callsign
api/swim/v1/cdm/status.php,get_conn_tmi,dbo.adl_flight_core
api/swim/v1/connectors/health.php,,localhost
api/swim/v1/controllers.php,,dbo.swim_controllers
api/swim/v1/controllers.php,,dbo.vw_swim_facility_staffing
api/swim/v1/controllers.php,,the
api/swim/v1/flight.php,,dbo.adl_flight_aircraft
api/swim/v1/flight.php,,dbo.adl_flight_core
api/swim/v1/flight.php,,dbo.adl_flight_plan
api/swim/v1/flight.php,,dbo.adl_flight_position
api/swim/v1/flight.php,,dbo.adl_flight_times
api/swim/v1/flight.php,,dbo.adl_flight_tmi
api/swim/v1/flights.php,,VATSIM_ADL
api/swim/v1/flights.php,,across
api/swim/v1/flights.php,,dbo.adl_flight_aircraft
api/swim/v1/flights.php,,dbo.adl_flight_core
api/swim/v1/flights.php,,dbo.adl_flight_plan
api/swim/v1/flights.php,,dbo.adl_flight_position
api/swim/v1/flights.php,,dbo.adl_flight_times
api/swim/v1/flights.php,,dbo.adl_flight_tmi
api/swim/v1/flights.php,,swim_flights
api/swim/v1/flights.php,,the
api/swim/v1/health.php,,config.php
api/swim/v1/health.php,,dbo.swim_api_keys
api/swim/v1/health.php,,dbo.swim_audit_log
api/swim/v1/health.php,,dbo.swim_flights
api/swim/v1/health.php,,localhost
api/swim/v1/ingest/acars.php,,ETA
api/swim/v1/ingest/acars.php,,dbo.swim_acars_messages
api/swim/v1/ingest/acars.php,,dbo.swim_acars_pdc_queue
api/swim/v1/ingest/acars.php,,dbo.swim_acars_sources
api/swim/v1/ingest/acars.php,,dbo.swim_flights
api/swim/v1/ingest/acars.php,,message
api/swim/v1/ingest/acars.php,,multiple
api/swim/v1/ingest/acars.php,,query
api/swim/v1/ingest/acars.php,,source
api/swim/v1/ingest/acars.php,,swim_flights
api/swim/v1/ingest/adl.php,,AOC
api/swim/v1/ingest/adl.php,,VATSIM_ADL
api/swim/v1/ingest/adl.php,,authoritative
api/swim/v1/ingest/adl.php,,based
api/swim/v1/ingest/adl.php,,dbo.swim_flights
api/swim/v1/ingest/adl.php,,existing
api/swim/v1/ingest/adl.php,,sync
api/swim/v1/ingest/cdm.php,,CDM
api/swim/v1/ingest/cdm.php,,authoritative
api/swim/v1/ingest/cdm.php,,dbo.swim_flights
api/swim/v1/ingest/cdm.php,,for
api/swim/v1/ingest/cdm.php,,if
api/swim/v1/ingest/cdm.php,,pilot
api/swim/v1/ingest/cdm.php,,record
api/swim/v1/ingest/cdm.php,,source
api/swim/v1/ingest/cdm.php,,statement
api/swim/v1/ingest/metering.php,,authoritative
api/swim/v1/ingest/metering.php,,dbo.swim_flights
api/swim/v1/ingest/metering.php,,eta_runway_utc
api/swim/v1/ingest/metering.php,,metering
api/swim/v1/ingest/metering.php,,source
api/swim/v1/ingest/metering.php,,statement
api/swim/v1/ingest/metering.php,,unimpeded
api/swim/v1/ingest/simtraffic.php,,ST
api/swim/v1/ingest/simtraffic.php,,SWIM
api/swim/v1/ingest/simtraffic.php,,SimTraffic
api/swim/v1/ingest/simtraffic.php,,dbo.swim_flights
api/swim/v1/ingest/simtraffic.php,,environment
api/swim/v1/ingest/simtraffic.php,,source
api/swim/v1/ingest/simtraffic.php,,statement
api/swim/v1/ingest/simtraffic.php,,status
api/swim/v1/ingest/track.php,,authoritative
api/swim/v1/ingest/track.php,,dbo.swim_flights
api/swim/v1/ingest/track.php,,track
api/swim/v1/ingest/vnas/controllers.php,,vNAS
api/swim/v1/ingest/vnas/handoff.php,,controlling
api/swim/v1/ingest/vnas/handoff.php,,dbo.swim_flights
api/swim/v1/ingest/vnas/handoff.php,,dbo.swim_handoff_log
api/swim/v1/ingest/vnas/handoff.php,,from_sector
api/swim/v1/ingest/vnas/handoff.php,,handoff
api/swim/v1/ingest/vnas/handoff.php,,sector
api/swim/v1/ingest/vnas/handoff.php,,swim_flights
api/swim/v1/ingest/vnas/handoff.php,,to_sector
api/swim/v1/ingest/vnas/handoff.php,,vNAS
api/swim/v1/ingest/vnas/tags.php,,dbo.swim_flights
api/swim/v1/ingest/vnas/tags.php,,tags
api/swim/v1/ingest/vnas/tags.php,,time
api/swim/v1/ingest/vnas/tags.php,,vNAS
api/swim/v1/ingest/vnas/track.php,,dbo.swim_flights
api/swim/v1/ingest/vnas/track.php,,track
api/swim/v1/ingest/vnas/track.php,,vNAS
api/swim/v1/keys/provision.php,,dbo.swim_api_keys
api/swim/v1/keys/provision.php,,dbo.swim_audit_log
api/swim/v1/keys/provision.php,,last_used_at
api/swim/v1/keys/revoke.php,,dbo.swim_api_keys
api/swim/v1/keys/revoke.php,,dbo.swim_audit_log
api/swim/v1/keys/revoke.php,,failed
api/swim/v1/metering.php,,dbo.swim_flights
api/swim/v1/playbook/plays.php,get_conn_swim,GIS
api/swim/v1/playbook/plays.php,get_conn_swim,GeoJSON
api/swim/v1/playbook/plays.php,get_conn_swim,SWIM_API
api/swim/v1/playbook/plays.php,get_conn_swim,a
api/swim/v1/playbook/plays.php,get_conn_swim,admin_users
api/swim/v1/playbook/plays.php,get_conn_swim,dbo.swim_api_keys
api/swim/v1/playbook/plays.php,get_conn_swim,dbo.swim_playbook_plays
api/swim/v1/playbook/plays.php,get_conn_swim,dbo.swim_playbook_routes
api/swim/v1/playbook/plays.php,get_conn_swim,either
api/swim/v1/playbook/plays.php,get_conn_swim,playbook_plays
api/swim/v1/playbook/plays.php,get_conn_swim,playbook_routes
api/swim/v1/playbook/plays.php,get_conn_swim,route
api/swim/v1/playbook/plays.php,get_conn_swim,swim_api_keys
api/swim/v1/playbook/plays.php,get_conn_swim,the
api/swim/v1/playbook/throughput.php,,planned_count
api/swim/v1/playbook/throughput.php,,playbook_route_throughput
api/swim/v1/playbook/throughput.php,,playbook_routes
api/swim/v1/positions.php,,SWIM_API
api/swim/v1/positions.php,,across
api/swim/v1/positions.php,,dbo.adl_flight_aircraft
api/swim/v1/positions.php,,dbo.adl_flight_core
api/swim/v1/positions.php,,dbo.adl_flight_plan
api/swim/v1/positions.php,,dbo.adl_flight_position
api/swim/v1/positions.php,,dbo.adl_flight_times
api/swim/v1/positions.php,,dbo.adl_flight_tmi
api/swim/v1/positions.php,,dbo.swim_flights
api/swim/v1/positions.php,,query
api/swim/v1/reference/taxi-times.php,get_conn_adl,dbo.airport_taxi_reference
api/swim/v1/reference/taxi-times.php,get_conn_adl,dbo.airport_taxi_reference_detail
api/swim/v1/routes/cdrs.php,get_conn_ref,CDR
api/swim/v1/routes/cdrs.php,get_conn_ref,a
api/swim/v1/routes/cdrs.php,get_conn_ref,the
api/swim/v1/routes/cdrs.php,get_conn_swim,CDR
api/swim/v1/routes/cdrs.php,get_conn_swim,a
api/swim/v1/routes/cdrs.php,get_conn_swim,the
api/swim/v1/tmi/advisories.php,,VATSIM_TMI
api/swim/v1/tmi/advisories.php,,dbo.tmi_advisories
api/swim/v1/tmi/advisories.php,,stats
api/swim/v1/tmi/controlled.php,,SWIM_API
api/swim/v1/tmi/controlled.php,,dbo.swim_flights
api/swim/v1/tmi/controlled.php,,slot
api/swim/v1/tmi/controlled.php,,stats
api/swim/v1/tmi/entries.php,,VATSIM_TMI
api/swim/v1/tmi/entries.php,,dbo.tmi_entries
api/swim/v1/tmi/entries.php,,stats
api/swim/v1/tmi/flow/events.php,,dbo.tmi_flow_event_participants
api/swim/v1/tmi/flow/events.php,,dbo.tmi_flow_events
api/swim/v1/tmi/flow/events.php,,dbo.tmi_flow_providers
api/swim/v1/tmi/flow/events.php,,external
api/swim/v1/tmi/flow/index.php,,dbo.tmi_flow_event_participants
api/swim/v1/tmi/flow/index.php,,dbo.tmi_flow_providers
api/swim/v1/tmi/flow/index.php,,dbo.vw_tmi_active_flow_events
api/swim/v1/tmi/flow/index.php,,dbo.vw_tmi_active_flow_measures
api/swim/v1/tmi/flow/index.php,,external
api/swim/v1/tmi/flow/measures.php,,dbo.tmi_flow_events
api/swim/v1/tmi/flow/measures.php,,dbo.tmi_flow_measures
api/swim/v1/tmi/flow/measures.php,,dbo.tmi_flow_providers
api/swim/v1/tmi/flow/measures.php,,external
api/swim/v1/tmi/flow/providers.php,,dbo.tmi_flow_providers
api/swim/v1/tmi/index.php,,VATSIM_TMI
api/swim/v1/tmi/index.php,,dbo.vw_tmi_active_advisories
api/swim/v1/tmi/index.php,,dbo.vw_tmi_active_entries
api/swim/v1/tmi/index.php,,dbo.vw_tmi_active_flow_events
api/swim/v1/tmi/index.php,,dbo.vw_tmi_active_flow_measures
api/swim/v1/tmi/index.php,,dbo.vw_tmi_active_programs
api/swim/v1/tmi/index.php,,dbo.vw_tmi_active_public_routes
api/swim/v1/tmi/index.php,,dbo.vw_tmi_active_reroutes
api/swim/v1/tmi/measures.php,,both
api/swim/v1/tmi/measures.php,,dbo.tmi_entries
api/swim/v1/tmi/measures.php,,dbo.tmi_flow_events
api/swim/v1/tmi/measures.php,,dbo.tmi_flow_measures
api/swim/v1/tmi/measures.php,,dbo.tmi_flow_providers
api/swim/v1/tmi/measures.php,,dbo.tmi_programs
api/swim/v1/tmi/measures.php,,tmi_programs
api/swim/v1/tmi/programs.php,,dbo.apts
api/swim/v1/tmi/programs.php,,dbo.gdp_log
api/swim/v1/tmi/programs.php,,dbo.ntml
api/swim/v1/tmi/programs.php,,dbo.tmi_flight_control
api/swim/v1/tmi/programs.php,,gdp_log
api/swim/v1/tmi/programs.php,,tier
api/swim/v1/tmi/reroutes.php,,INFORMATION_SCHEMA.TABLES
api/swim/v1/tmi/reroutes.php,,VATSIM_TMI
api/swim/v1/tmi/reroutes.php,,comma
api/swim/v1/tmi/reroutes.php,,dbo.tmi_reroute_compliance_log
api/swim/v1/tmi/reroutes.php,,dbo.tmi_reroute_flights
api/swim/v1/tmi/reroutes.php,,dbo.tmi_reroute_routes
api/swim/v1/tmi/reroutes.php,,dbo.tmi_reroutes
api/swim/v1/tmi/reroutes.php,,fixes
api/swim/v1/tmi/reroutes.php,,origin
api/swim/v1/tmi/reroutes.php,,origin_centers
api/swim/v1/tmi/reroutes.php,,origins
api/swim/v1/tmi/reroutes.php,,scope
api/swim/v1/tmi/reroutes.php,,stats
api/swim/v1/tmi/reroutes.php,,tmi_reroute_routes
api/swim/v1/tmi/routes.php,,Reroute
api/swim/v1/tmi/routes.php,,Route
api/swim/v1/tmi/routes.php,,VATSIM_TMI
api/swim/v1/tmi/routes.php,,a
api/swim/v1/tmi/routes.php,,advisory
api/swim/v1/tmi/routes.php,,chunks
api/swim/v1/tmi/routes.php,,database
api/swim/v1/tmi/routes.php,,dbo.tmi_proposal_facilities
api/swim/v1/tmi/routes.php,,dbo.tmi_proposals
api/swim/v1/tmi/routes.php,,dbo.tmi_public_routes
api/swim/v1/tmi/routes.php,,dbo.tmi_reroute_routes
api/swim/v1/tmi/routes.php,,dbo.tmi_reroutes
api/swim/v1/tmi/routes.php,,for
api/swim/v1/tmi/routes.php,,now
api/swim/v1/tmi/routes.php,,proposal
api/swim/v1/tmi/routes.php,,public
api/swim/v1/tmi/routes.php,,reroute
api/swim/v1/tmi/routes.php,,route
api/swim/v1/tmi/routes.php,,route_geojson
api/swim/v1/tmi/routes.php,,the
api/swim/v1/tmi/routes.php,,tmi_reroute_routes
api/swim/v1/tmi/routes.php,,tmi_reroutes
api/swim/v1/ws/ClientConnection.php,,this
api/swim/v1/ws/SubscriptionManager.php,,all
api/swim/v1/ws/SubscriptionManager.php,,channel
api/swim/v1/ws/SubscriptionManager.php,,specific
api/swim/v1/ws/SubscriptionManager.php,,subscription
api/swim/v1/ws/WebSocketServer.php,,all
api/swim/v1/ws/WebSocketServer.php,,cache
api/swim/v1/ws/WebSocketServer.php,,dbo.swim_api_keys
api/swim/v1/ws/WebSocketServer.php,,last_used_at
api/swim/v1/ws/publish.php,,the
api/swim/v1/ws/swim-ws-client.js,,channels
api/swim/v1/ws/swim-ws-client.js,,the
api/system/health.php,,config
api/system/health.php,,localhost
api/system/health.php,,log
api/system/health.php,,sys.dm_exec_requests
api/system/health.php,,sys.dm_exec_sessions
api/system/health.php,,sys.dm_tran_locks
api/tiers.php,,cached
api/tiers.php,,config
api/tiers.php,,dbo.artcc_facilities
api/tiers.php,,dbo.artcc_tier_group_members
api/tiers.php,,dbo.artcc_tier_groups
api/tiers.php,,dbo.artcc_tier_types
api/tiers.php,,dbo.facility_tier_config_members
api/tiers.php,,dbo.facility_tier_configs
api/tiers.php,,the
api/tiers.php,,tier
api/tiers/query.php,,US
api/tiers/query.php,,facility
api/tiers/query.php,,multiple
api/tiers/query.php,,perti_constants.php
api/tmi/AdvisoryNumber.php,,current
api/tmi/AdvisoryNumber.php,,dbo.tmi_advisory_sequences
api/tmi/AdvisoryNumber.php,,formatted
api/tmi/active.php,,dbo.vw_tmi_active_advisories
api/tmi/active.php,,dbo.vw_tmi_active_entries
api/tmi/active.php,,dbo.vw_tmi_active_programs
api/tmi/active.php,,dbo.vw_tmi_active_public_routes
api/tmi/active.php,,dbo.vw_tmi_active_reroutes
api/tmi/advisories.php,,advisory
api/tmi/advisories.php,,dbo.tmi_advisories
api/tmi/advisories.php,,dbo.tmi_programs
api/tmi/advisories.php,,dbo.tmi_reroutes
api/tmi/advisories.php,,existing
api/tmi/advisories.php,,other
api/tmi/entries.php,,data
api/tmi/entries.php,,dbo.tmi_entries
api/tmi/entries.php,,entry
api/tmi/entries.php,,existing
api/tmi/entries.php,,provided
api/tmi/entries.php,,query
api/tmi/gdp_apply.php,,adl_flight_times
api/tmi/gdp_apply.php,,adl_flight_tmi
api/tmi/gdp_apply.php,,dbo.adl_flight_core
api/tmi/gdp_apply.php,,dbo.adl_flight_times
api/tmi/gdp_apply.php,,dbo.adl_flight_tmi
api/tmi/gdp_apply.php,,dbo.adl_flights_gdp
api/tmi/gdp_apply.php,,dbo.adl_slots_gdp
api/tmi/gdp_apply.php,,dbo.gdp_log
api/tmi/gdp_apply.php,,dbo.vw_adl_flights
api/tmi/gdp_apply.php,,existing
api/tmi/gdp_apply.php,,gdp_log
api/tmi/gdp_apply.php,,normalized
api/tmi/gdp_apply.php,,sandbox
api/tmi/gdp_apply.php,,t
api/tmi/gdp_apply.php,,tmi
api/tmi/gdp_apply.php,,vw_adl_flights
api/tmi/gdp_preview.php,,ETA
api/tmi/gdp_preview.php,,airports
api/tmi/gdp_preview.php,,dbo.airports
api/tmi/gdp_preview.php,,dbo.vw_adl_flights
api/tmi/gdp_preview.php,,live
api/tmi/gdp_purge.php,,adl_slots_gdp
api/tmi/gdp_purge.php,,dbo.adl_flights
api/tmi/gdp_purge.php,,dbo.adl_flights_gdp
api/tmi/gdp_purge.php,,dbo.adl_slots_gdp
api/tmi/gdp_purge.php,,dbo.gdp_log
api/tmi/gdp_purge.php,,gdp_log
api/tmi/gdp_purge.php,,live
api/tmi/gdp_purge_local.php,,any
api/tmi/gdp_purge_local.php,,dbo.adl_flights_gdp
api/tmi/gdp_purge_local.php,,dbo.adl_slots_gdp
api/tmi/gdp_purge_local.php,,dbo.gdp_log
api/tmi/gdp_simulate.php,,INFORMATION_SCHEMA.COLUMNS
api/tmi/gdp_simulate.php,,database
api/tmi/gdp_simulate.php,,dbo.adl_flights_gdp
api/tmi/gdp_simulate.php,,dbo.adl_slots_gdp
api/tmi/gdp_simulate.php,,dbo.airports
api/tmi/gdp_simulate.php,,dbo.vw_adl_flights
api/tmi/gdp_simulate.php,,deduped
api/tmi/gdp_simulate.php,,failed
api/tmi/gdp_simulate.php,,flight
api/tmi/gdp_simulate.php,,original
api/tmi/gdp_simulate.php,,sandbox
api/tmi/gdp_simulate.php,,slot
api/tmi/gdp_simulate.php,,start
api/tmi/gdp_simulate.php,,vw_adl_flights
api/tmi/gs/activate.php,,dbo.apts
api/tmi/gs/activate.php,,dbo.ntml
api/tmi/gs/activate.php,,dbo.ntml_info
api/tmi/gs/activate.php,,payload
api/tmi/gs/activate.php,,program
api/tmi/gs/activate.php,,program_delay_min
api/tmi/gs/common.php,,JSON
api/tmi/gs/common.php,,a
api/tmi/gs/common.php,,array
api/tmi/gs/common.php,,server
api/tmi/gs/create.php,,dbo.tmi_programs
api/tmi/gs/create.php,,tmi_programs
api/tmi/gs/demand.php,,dbo.vw_GDT_DemandByHour
api/tmi/gs/demand.php,,dbo.vw_GDT_DemandByQuarter
api/tmi/gs/extend.php,,dbo.ntml
api/tmi/gs/flights.php,,dbo.ntml
api/tmi/gs/get.php,,TMI
api/tmi/gs/get.php,,dbo.tmi_events
api/tmi/gs/get.php,,dbo.tmi_flight_control
api/tmi/gs/get.php,,dbo.tmi_programs
api/tmi/gs/get.php,,flight
api/tmi/gs/list.php,,dbo.tmi_programs
api/tmi/gs/list.php,,today
api/tmi/gs/model.php,,ADL
api/tmi/gs/model.php,,TMI
api/tmi/gs/model.php,,array
api/tmi/gs/model.php,,dbo.tmi_programs
api/tmi/gs/model.php,,dbo.vw_adl_flights
api/tmi/gs/model.php,,program
api/tmi/gs/model.php,,scope
api/tmi/gs/model.php,,tier
api/tmi/gs/purge.php,,dbo.ntml
api/tmi/gs_apply.php,,INFORMATION_SCHEMA.COLUMNS
api/tmi/gs_apply.php,,TMI
api/tmi/gs_apply.php,,adl_flight_times
api/tmi/gs_apply.php,,adl_flight_tmi
api/tmi/gs_apply.php,,adl_flights_gs
api/tmi/gs_apply.php,,dbo.adl_flight_core
api/tmi/gs_apply.php,,dbo.adl_flight_times
api/tmi/gs_apply.php,,dbo.adl_flight_tmi
api/tmi/gs_apply.php,,dbo.adl_flights_gs
api/tmi/gs_apply.php,,dbo.vw_adl_flights
api/tmi/gs_apply.php,,normalized
api/tmi/gs_apply.php,,sandbox
api/tmi/gs_apply.php,,t
api/tmi/gs_apply.php,,tmi
api/tmi/gs_apply_ctd.php,,CTD
api/tmi/gs_apply_ctd.php,,adl_flight_times
api/tmi/gs_apply_ctd.php,,dbo.adl_flight_core
api/tmi/gs_apply_ctd.php,,dbo.adl_flight_plan
api/tmi/gs_apply_ctd.php,,dbo.adl_flight_times
api/tmi/gs_apply_ctd.php,,t
api/tmi/gs_apply_ctd.php,,to
api/tmi/gs_preview.php,,dbo.vw_adl_flights
api/tmi/gs_purge_all.php,,beta_utc
api/tmi/gs_purge_all.php,,dbo.adl_flights
api/tmi/gs_purge_all.php,,dbo.adl_flights_gs
api/tmi/gs_purge_all.php,,failed
api/tmi/gs_purge_all.php,,live
api/tmi/gs_purge_local.php,,INFORMATION_SCHEMA.COLUMNS
api/tmi/gs_purge_local.php,,current
api/tmi/gs_purge_local.php,,dbo.adl_flights_gs
api/tmi/gs_purge_local.php,,dbo.vw_adl_flights
api/tmi/gs_purge_local.php,,swap
api/tmi/gs_purge_local.php,,the
api/tmi/gs_purge_local.php,,vw_adl_flights
api/tmi/gs_simulate.php,,INFORMATION_SCHEMA.COLUMNS
api/tmi/gs_simulate.php,,dbo.adl_flights_gs
api/tmi/gs_simulate.php,,dbo.vw_adl_flights
api/tmi/gs_simulate.php,,deduped
api/tmi/gs_simulate.php,,etd_runway_utc
api/tmi/gs_simulate.php,,failed
api/tmi/gs_simulate.php,,gs_end
api/tmi/gs_simulate.php,,sandbox
api/tmi/gs_simulate.php,,swap
api/tmi/gs_simulate.php,,vw_adl_flights
api/tmi/helpers.php,,Error
api/tmi/helpers.php,,SQL
api/tmi/helpers.php,,a
api/tmi/helpers.php,,any
api/tmi/helpers.php,,request
api/tmi/helpers.php,,rows
api/tmi/programs.php,,dbo.tmi_programs
api/tmi/programs.php,,dbo.tmi_slots
api/tmi/programs.php,,existing
api/tmi/programs.php,,metrics
api/tmi/programs.php,,other
api/tmi/programs.php,,program
api/tmi/public-routes.php,,allowed
api/tmi/public-routes.php,,dbo.tmi_public_routes
api/tmi/public-routes.php,,existing
api/tmi/public-routes.php,,route
api/tmi/public-routes.php,,route_string
api/tmi/reroutes.php,,data
api/tmi/reroutes.php,,dbo.tmi_reroute_flights
api/tmi/reroutes.php,,dbo.tmi_reroutes
api/tmi/reroutes.php,,existing
api/tmi/reroutes.php,,metrics
api/tmi/reroutes.php,,provided
api/tmi/reroutes.php,,reroute
api/tmi/simtraffic_flight.php,,ADL
api/tmi/simtraffic_flight.php,,INFORMATION_SCHEMA.COLUMNS
api/tmi/simtraffic_flight.php,,INFORMATION_SCHEMA.TABLES
api/tmi/simtraffic_flight.php,,SimTraffic
api/tmi/simtraffic_flight.php,,VATSWIM
api/tmi/simtraffic_flight.php,,adl_flights_gs
api/tmi/simtraffic_flight.php,,below
api/tmi/simtraffic_flight.php,,both
api/tmi/simtraffic_flight.php,,by
api/tmi/simtraffic_flight.php,,dbo.swim_flights
api/tmi/simtraffic_flight.php,,failed
api/tmi/simtraffic_flight.php,,for
api/user/configs/update.php,,Data
api/user/configs/update.php,,error
api/user/configs/update.php,,p_configs
api/user/dcc/update.php,,Database
api/user/dcc/update.php,,p_dcc_staffing
api/user/enroute_staffing/update.php,,Database
api/user/enroute_staffing/update.php,,p_enroute_staffing
api/user/term_staffing/update.php,,Database
api/user/term_staffing/update.php,,p_terminal_staffing
api/util/icao_lookup.php,,FAA
api/util/icao_lookup.php,,dbo.apts
api/weather/alerts.php,,dbo.weather_alerts
api/weather/impact.php,,dbo.adl_flight_core
api/weather/impact.php,,dbo.adl_flight_plan
api/weather/impact.php,,dbo.adl_flight_position
api/weather/impact.php,,dbo.adl_flight_weather_impact
api/weather/impact.php,,dbo.weather_alerts
api/weather/refresh.php,,AWC
api/weather/refresh.php,,aviationweather.gov
api/weather/refresh.php,,localhost
api/weather/refresh.php,,our
